file,categoryname,price,mass,volume,description
aeon,starships/Aera/Milspec,1800000,132,2700,""
aelar,starships/Aera/Milspec,2500000,197,4000,""
aevant,starships/Aera/Milspec,4000000,216,4400,""
aeon.blank,starships/Aera/Light,450000,132,2700,""
aelar.blank,starships/Aera/Heavy,600000,197,4000,""
aevant.blank,starships/Aera/Heavy,1000000,216,4400,""
idun,starships/Rlaan/Milspec,240000,57,1140,""
thrud,starships/Rlaan/Milspec,1200000,65,1300,""
vidar,starships/Rlaan/Milspec,560000,230,4600,""
idun.blank,starships/Rlaan/Light,120000,57,1140,""
vidar.blank,starships/Rlaan/Heavy,280000,230,4600,""
thrud.blank,starships/Rlaan/Heavy,300000,65,1300,""
ancestor,starships/Confed/Milspec,125000,40,800,"Die 'Ancestors' von der Ancestor-Klasse fliegt schon seit hunderten von Jahren. Der modernste Nachbau von den Shaper Raumfahrtfabriken ist seit 15 Jahren im Dienst und war verschiedene Male aktiv bei Angriffen gegen dreckige kriminelle Stuetzpunkte."
gawain,starships/Confed/Milspec,450000,40,800,"Die High-Born haben eine Raumschiffsherstellungsmethodik, die andere Fraktionen nur fuer Luxusjachten benutzen. Die Abfangjaeger der Gawain-Klasse stehen wahrhaftig fuer diese Linie dieser Denkweise mit einem aussergewoehnlichen Leistungsverhalten, die fuer exorbitante Kosten angeboten werden. Der sehr hohe Preis ensteht durch die Produktionsmethode an sich, durch kleine Serien in der Produktion und die relativ haeufigen Ueberarbeitungen-Verbessserungen des zuletzt produzierten Modells."
determinant,starships/Confed/Milspec,150000,54,1100,""
convolution,starships/Confed/Milspec,150000,62,1280,""
progeny,starships/Confed/Milspec,350000,62,1200,""
schroedinger,starships/Confed/Milspec,2000000,80,1600,""
derivative,starships/Confed/Milspec,200000,134,2700,""
lancelot,starships/Confed/Milspec,950000,170,3500,""
admonisher,starships/Confed/Milspec,300000,275,5600,""
pacifier,starships/Confed/Milspec,400000,490,10000,""
plowshare,starships/Confed/Milspec,228000,530,10000,""
dodo,starships/Confed/Milspec,50000,1096,21000,"Fuer ein Frachtschiff, ziemlich erfolgreich. Fuer ein Stueck Kunst - ziemlich haesslich."
goddard,starships/Confed/Milspec,2700000,2150,43000,""
ancestor.blank,starships/Confed/Light,78000,40,1000,"Die 'Ancestors' von der Ancestor-Klasse fliegt schon seit hunderten von Jahren. Der modernste Nachbau von den Shaper Raumfahrtfabriken ist seit 15 Jahren im Dienst und war verschiedene Male aktiv bei Angriffen gegen dreckige kriminelle Stuetzpunkte."
schroedinger.blank,starships/Confed/Light,110000,80,1600,""
determinant.blank,starships/Confed/Medium,75000,54,1100,""
convolution.blank,starships/Confed/Medium,76000,62,1280,""
derivative.blank,starships/Confed/Medium,100000,134,2700,""
lancelot.blank,starships/Confed/Heavy,800000,170,3500,""
gawain.blank,starships/Confed/Heavy,320000,40,1000,"Die High-Born haben eine Raumschiffsherstellungsmethodik, die andere Fraktionen nur fuer Luxusjachten benutzen. Die Abfangjaeger der Gawain-Klasse stehen wahrhaftig fuer diese Linie dieser Denkweise mit einem aussergewoehnlichen Leistungsverhalten, dass fuer exorbitante Kosten angeboten wird. Der sehr hohe Preis ensteht durch die Produktionsmethode an sich, durch kleine Serien in der Produktion und die ebenso wichtigen nur 3 Jahre Produktionszeit an der aktuellen Version."
dostoevsky.blank,starships/Militia/Light,150000,63,1300,""
progeny.blank,starships/Militia/Medium,300000,63,1300,""
dostoevsky,starships/Militia/Medium,250000,63,1300,""
admonisher.blank,starships/Militia/Heavy,180000,275,5600,""
pacifier.blank,starships/Militia/Heavy,210000,484,10000,""
llama.blank,starships/Merchant/Light,180000,1000,20000,"Was kann ueber eine Llama gesagt werden, sicher ist, dass sie eher weniger geeignet ist zum Transportieren als eine Mule und nicht zu spezialisiert, um einen Pflugschar zu ziehen."
dodo.blank,starships/Merchant/Light,7500,1096,22000,"Fuer ein Frachtschiff, ziemlich erfolgreich. Fuer ein Stueck Kunst - ziemlich haesslich."
plowshare.blank,starships/Merchant/Medium,30000,527,10000,""
mule.blank,starships/Merchant/Medium,1500000,28000,570000,"Die Mule ist das Frachtschiff der Wahl fuer alles, dass nicht die immense Ladekapazitaet der Ox-Klasse benoetigt. Raumschiffe der Mule-Klasse sind die bevorzugten Versorgungstransporter fuer das Militaer, und dass nur weil die Menge, in der sie produziert werden, es einfacher macht, sie zu ersetzen, wenn es ein unglueckliches Ende mit ihnen nimmt."
mule,starships/Merchant/Heavy,1700000,20000,570000,"Die Mule ist das Frachtschiff der Wahl fuer alles, dass nicht die immense Ladekapazitaet der Ox-Klasse benoetigt. Raumschiffe der Mule-Klasse sind die bevorzugten Versorgungstransporter fuer das Militaer, und dass nur weil die Menge, in der sie produziert werden, es einfacher macht, sie zu ersetzen, wenn es ein unglueckliches Ende mit ihnen nimmt."
franklin,starships/Merchant/Heavy,1800000,575,12000,""
ox.blank,starships/Merchant/Light_Capship,1200000,1000000,40000000,""
ox,starships/Merchant/Light_Capship,1500000,1000000,40000000,""
clydesdale,starships/Merchant/Light_Capship,80000000,29000000,590000000,""
hyena,starships/Hunter/Light,125000,40,1000,""
robin.blank,starships/Hunter/Medium,75000,42,900,"Die Robins von Terra haben niemals das Ansehen eines furchterregenden 'Bird of Prey' (Raubvogel ) gehabt. Weder noch haben es die Robins der LIHW. Sie haben, wie auch immer, das Ansehen, zuverlaessig, rentabel und nicht wartungsintensiv zu sein, erhalten."
robin,starships/Hunter/Medium,190000,42,900,"Die Robins von Terra haben niemals das Ansehen eines furchterregenden 'Bird of Prey' (Raubvogel ) gehabt. Weder noch haben es die Robins der LIHW. Sie haben, wie auch immer, das Ansehen, zuverlaessig, rentabel und nicht wartungsintensiv zu sein, erhalten."
sickle.blank,starships/Hunter/Medium,70000,55,1100,""
hammer.blank,starships/Hunter/Heavy,120000,115,2300,""
franklin.blank,starships/Hunter/Heavy,1000000,575,12000,""
sickle,starships/ISO/Medium,150000,55,1100,""
hammer,starships/ISO/Heavy,280000,115,2300,""
redeemer.blank,starships/Retro/Light,60000,38,800,"Die Ludditen haben schon durch ihre Natur keine grosse Industrialisierung, vertrauend auf eine kleine Anzahl von versteckten Einrichtungen und sympathischen Fabrikationsanlagen, die sie mit Schiffen beliefern. Der Redeemer (Erloeser ) traegt die Auszeichnung, die einzige offiziell von dem Geistlichen (Priester ) Sverde genehmigte Rasumschiffklasse zu sein, die vor 45 Jahren mit ihrem urspruenglichem Design praesentiert wurde. Sverde sagte, dass Gebete ueber ihn (den Redeemer ) aufgedeckt haben, dass dieser der 'Kumpan des Schafhirten' sein werde, mit dem die Suenden der Menschen bezwungen werden. Billig, sogar in der Zeit seiner Einfuehrung, bleibt der Redeemer ein utilitaristisches Schiff, dass sehr gut an die Produktionsmoeglichkeiten von Hinterweltler-Welten angepasst ist."
redeemer,starships/Retro/Medium,70000,38,800,"Die Ludditen haben schon durch ihre Natur keine grosse Industrialisierung, vertrauend auf eine kleine Anzahl von versteckten Einrichtungen und sympathischen Fabrikationsanlagen, die sie mit Schiffen beliefern. Der Redeemer (Erloeser ) traegt die Auszeichnung, die einzige offiziell von dem Geistlichen (Priester ) Sverde genehmigte Rasumschiffklasse zu sein, die vor 45 Jahren mit ihrem urspruenglichem Design praesentiert wurde. Sverde sagte, dass Gebete ueber ihn (den Redeemer ) aufgedeckt haben, dass dieser der 'Kumpan des Schafhirten' sein werde, mit dem die Suenden der Menschen bezwungen werden. Billig, sogar in der Zeit seiner Einfuehrung, bleibt der Redeemer ein utilitaristisches Schiff, dass sehr gut an die Produktionsmoeglichkeiten von Hinterweltler-Welten angepasst ist."
hyena.blank,starships/Pirate/Light,40000,40,1000,""
beam_heavy_lr,upgrades/Weapons/Capship,25000,.01,1,"@cargo/cargo_hud.png@"
discontinuity,upgrades/Weapons/Capship,2500000,.01,1,"@cargo/cargo_hud.png@"
flak,upgrades/Weapons/Capship,2500,.01,1,"@cargo/cargo_hud.png@"
flak_heavy,upgrades/Weapons/Capship,2500,.01,1,"@cargo/cargo_hud.png@"
fusion_heavy,upgrades/Weapons/Capship,2500,.01,1,"@cargo/cargo_hud.png@"
lr_disruptor_beam,upgrades/Weapons/Capship,25000,.01,1,"@cargo/cargo_hud.png@"
lr_laser_beam,upgrades/Weapons/Capship,2500,.01,1,"@cargo/cargo_hud.png@"
lr_pminus_beam,upgrades/Weapons/Capship,250000,.01,1,"@cargo/cargo_hud.png@"
lr_pminus_beam_mkiv,upgrades/Weapons/Capship,250000,.01,1,"@cargo/cargo_hud.png@"
rlr_pminus_beam,upgrades/Weapons/Capship,250000,.01,1,"@cargo/cargo_hud.png@"
particle_beam,upgrades/Weapons/Capship,2500,.01,1,"@cargo/cargo_hud.png@"
particle_beam_lr,upgrades/Weapons/Capship,25000,.01,1,"@cargo/cargo_hud.png@"
penetrator_mkvi,upgrades/Weapons/Capship,2500,.01,1,"@cargo/cargo_hud.png@"
photon_capship,upgrades/Weapons/Capship,2500,.01,1,"@cargo/cargo_hud.png@"
rlr_laser_beam,upgrades/Weapons/Capship,2500,.01,1,"@cargo/cargo_hud.png@"
sanitizer,upgrades/Weapons/Capship,250000,.01,1,"@cargo/cargo_hud.png@"
laser,upgrades/Weapons/Mounted_Guns_Light,1000,.01,1,"@cargo/cargo_hud.png@Obwohl es nicht ein Laser im herkoemmlichen Sinn der Vorstellung ist, durch seine Aehnlichkeit zu den sogenannten 'Lasern' der klassischen Spiele und Filme aus dem vorangegangenen Jahrtausend, klebte diese Fehlbezeichnung fester an ihm als weltraumtaugliches Epoxyd. Billig und absolut zuverlaessig, werden niederwellige Plasmaspulen, so wie diese, von fast allen raumfahrenden Nationen benutzt."
meson_blaster,upgrades/Weapons/Mounted_Guns_Light,2500,.01,1,"@cargo/cargo_hud.png@"
mass_driver,upgrades/Weapons/Mounted_Guns_Medium,1500,.01,1,"@cargo/cargo_hud.png@Lange vor dem Beginn der modernen Menschheit, war es verschiedenen Hominiden bekannt, dass das Schleudern eines stumpfen Gegenstandes ein vernuenftiger Weg war, um Schaden aus der Entfernung zu erzeugen. Passend genug, die Welten der Puristen Fraktion gehoeren zu den Hauptherstellern von Mass Drivern."
disruptor,upgrades/Weapons/Mounted_Guns_Medium,30000,.01,1,"@cargo/cargo_hud.png@Ordentliche Waffe"
ion,upgrades/Weapons/Mounted_Guns_Medium,40000,.01,1,"@cargo/cargo_hud.png@Auf einigen Planeten hatten Kinder Wasserpistolen, die waren..."
razor_gun,upgrades/Weapons/Mounted_Guns_Medium,40000,.01,1,"@cargo/cargo_hud.png@Billig ist nicht gut"
neutron_gun,upgrades/Weapons/Mounted_Guns_Heavy,5000,.01,1,"@cargo/cargo_hud.png@Zu billig fuer Heavy"
particle_cannon,upgrades/Weapons/Mounted_Guns_Heavy,10000,.01,1,"Auch zu billig"
plasma_gun,upgrades/Weapons/Mounted_Guns_Heavy,80000,.01,1,"@cargo/cargo_hud.png@Sehr zu empfehlen, schuechtert die andern ein"
fusion_gun,upgrades/Weapons/Mounted_Guns_Heavy,1000000,.01,1,"@cargo/cargo_hud.png@Keine Test-Ergebnisse vorhanden"
photon_gun,upgrades/Weapons/Mounted_Guns_Aera_Milspec,15000,.01,1,"@cargo/cargo_hud.png@Keine Erfahrungen mit dieser Waffe bekannt"
anihilator_gun,upgrades/Weapons/Mounted_Guns_Aera_Milspec,90000,.01,1,"@cargo/cargo_hud.png@Keine Erfahrungen mit dieser Waffe bekannt"
penetrator_gun,upgrades/Weapons/Mounted_Guns_Aera_Milspec,110000,.01,1,"@cargo/cargo_hud.png@Schiesst sehr weit, ueber 10000 Meter, ist aber nicht so effektiv"
ktek_gun,upgrades/Weapons/Mounted_Guns_Rlaan_Milspec,60000,.01,1,"@cargo/cargo_hud.png@Gute Kanone, Beam"
hellspawn,upgrades/Weapons/Mounted_Guns_Rlaan_Milspec,3000,.01,1,"@cargo/cargo_hud.png@Keine Test-Ergebnisse vorhanden"
stormfire,upgrades/Weapons/Mounted_Guns_Confed_Milspec,2000,.01,1,"@cargo/cargo_hud.png@Sylvesterknaller"
leech_gun,upgrades/Weapons/Mounted_Guns_Confed_Milspec,66000,.01,1,"@cargo/cargo_hud.png@Mittelmaessig brauchbar"
crippler,upgrades/Weapons/Mounted_Guns_Confed_Milspec,120000,.01,1,"@cargo/cargo_hud.png@Mittelmaessig bis gut"
tachyon_cannon,upgrades/Weapons/Mounted_Guns_Confed_Milspec,20000,.01,1,"@cargo/cargo_hud.png@Geldverschwendung"
reaper_cannon,upgrades/Weapons/Mounted_Guns_Confed_Milspec,1200000,.01,1,"@cargo/cargo_hud.png@Hat Potential"
antimatter_gun,upgrades/Weapons/Mounted_Guns_Confed_Milspec,72000,.01,1,"@cargo/cargo_hud.png@Keine Test-Ergebnisse vorhanden"
laser_beam,upgrades/Weapons/Beam_Arrays_Light,1200,.01,1,"@cargo/cargo_hud.png@Nicht zu empfehlen"
ion_beam,upgrades/Weapons/Beam_Arrays_Light,35000,.01,1,"@cargo/cargo_hud.png@Eine Zwille kann mehr anrichten"
tractor_beam,upgrades/Weapons/Beam_Arrays_Light,7500,.01,1,"@cargo/cargo_hud.png@Nicht so stark, wie ein Heavy-Beam, aber in Ordnung"
repulsor_beam,upgrades/Weapons/Beam_Arrays_Light,50000,.01,1,"@cargo/cargo_hud.png@Zweifelhaftes Vergnuegen, aber nicht ganz ohne"
disruptor_beam,upgrades/Weapons/Beam_Arrays_Medium,4000,.01,1,"@cargo/cargo_hud.png@Eine gute Waffe fuer eine Llama"
ion_beam_heavy,upgrades/Weapons/Beam_Arrays_Heavy,20000,.01,1,"@cargo/cargo_hud.png@Trifft gut"
ktek_beam,upgrades/Weapons/Beam_Arrays_Heavy,120000,.01,1,"@cargo/cargo_hud.png@Trifft besser"
ktek_cap_beam,upgrades/Weapons/Beam_Arrays_Rlaan_Milspec,2500,.01,1,"@cargo/cargo_hud.png@Keine Test-Ergebnisse vorhanden"
ktek_beam_pd,upgrades/Weapons/Beam_Arrays_Rlaan_Milspec,120000,.01,1,"@cargo/cargo_hud.png@Keine Test-Ergebnisse vorhanden"
icepick,upgrades/Weapons/Beam_Arrays_Rlaan_Milspec,24000000,.01,1,"@cargo/cargo_hud.png@Keine Test-Ergebnisse vorhanden"
tractor_heavy,upgrades/Weapons/Beam_Arrays_Confed_Milspec,27500,.01,1,"@cargo/cargo_hud.png@Magnetismus wird ueberschatzt.  Dieser Traktorstrahl ist nur uebertechnisiert, aber gut."
tractor_capability,upgrades/Weapons/Mount_Enhancements,50000,.01,1,"@cargo/cargo_hud.png@Bei allen Schiffen bekommt man die Moeglichkeit, Special-Weapons einzusetzen"
autotracking,upgrades/Weapons/Mount_Enhancements,100000,.01,1,"@cargo/cargo_hud.png@Waehrend alle installierten Waffen dazugehoerende  automatische Zielfindungsmoeglichkeiten haben, sind diese Moeglichkeiten begrenzt bei zivilen Installationen. Ein voll angetriebener militaerischer automatischer Zielfinder wie dieser, vergroessert die Waffentreffgenauigkeit aussergewoehnlich."
add_reactor_capacitance,upgrades/Capacitors/Reactors,40000,20,20,"@cargo/cargo_hud.png@Liefert zusaetzliche Energiespeicherung fuer die Hauptkondensatorbank"
add_shield_2_capacitance,upgrades/Capacitors/Shields,40000,6,1,"@cargo/cargo_hud.png@Liefert zusaetzliche Schadenspufferung pro Emitter."
add_shield_4_capacitance,upgrades/Capacitors/Shields,40000,10,2,"@cargo/cargo_hud.png@Liefert zusaetzliche Schadenspufferung pro Emitter."
reactor_level_0,upgrades/Reactors/Light,4000,.01,1,"@cargo/cargo_hud.png@Leichter standard Reactor (Level 0)."
reactor_level_1,upgrades/Reactors/Light,10000,.01,1,"@cargo/cargo_hud.png@Leichter standard Reactor (Level 1)."
reactor_level_2,upgrades/Reactors/Medium,30000,.01,1,"@cargo/cargo_hud.png@Mittlerer standard Reactor (Level 2)."
reactor_level_3,upgrades/Reactors/Medium,60000,.01,1,"@cargo/cargo_hud.png@Mittlerer standard Reactor (Level 3)."
add_gun_cooler,upgrades/Reactors/Heavy,300000,.01,1,"@cargo/cargo_hud.png@Eine staerkere Kuehlereinheit zur Erhoehung der Feuergeschwindigkeit der Waffen."
reactor_level_4,upgrades/Reactors/Heavy,100000,.01,1,"@cargo/cargo_hud.png@Schwerer standard Reactor (Level 4)."
reactor_level_5,upgrades/Reactors/Heavy,150000,.01,1,"@cargo/cargo_hud.png@Schwerer standard Reactor (Level 5)."
reactor_level_6,upgrades/Reactors/Heavy,300000,.01,1,"@cargo/cargo_hud.png@Schwerer standard Reactor (Level 6)."
reactor_level_7,upgrades/Reactors/Heavy,600000,.01,1,"@cargo/cargo_hud.png@Schwerer standard Reactor (Level 7)."
reactor_level_8,upgrades/Reactors/Heavy,1500000,.01,1,"@cargo/cargo_hud.png@Schwerer standard Reactor (Level 8)."
reactor_level_9,upgrades/Reactors/Heavy,4500000,.01,1,"@cargo/cargo_hud.png@Schwerer standard Reactor (Level 9)."
reactor_level_10,upgrades/Reactors/Heavy,15000000,.01,1,"@cargo/cargo_hud.png@Schwerer standard Reactor (Level 10)."
afterburner_generic,upgrades/Engines/Engine_Enhancements_Light,3000,.01,1,"@cargo/cargo_hud.png@Der allgemeine Nachbrenner spritzt rueckwirkend Treibstoff in den superheissen Vergaser."
afterburner,upgrades/Engines/Engine_Enhancements_Medium,16000,.01,1,"@cargo/cargo_hud.png@Spritzt Treibstoff in den superheissen Vergaser und fuegt zusaetzliche Heizelemente dem Vergaser zu, um die Beschleunigung zu erhoehen."
mult_turn_jet_enhancer,upgrades/Engines/Engine_Enhancements_Medium,40000,.01,1,"Der Zusatz von gerichteter Seitenbeschleunigung, um dem Schiff eine extrem verbesserte Wendigkeit zu ermoeglichen."
mult_thrust_enhancer,upgrades/Engines/Engine_Enhancements_Medium,60000,.01,1,"@cargo/cargo_hud.png@Ein Ausspielen der Toleranzen des Traegheitskompensator erlaubt diese verbesserte Beschleunigung."
mult_maneuver_enhancer,upgrades/Engines/Engine_Enhancements_Heavy,200000,.01,1,"@cargo/cargo_hud.png@Kleinere Verstaerkungen und bedeutsame Verbesserungen des Traegheitskompensators ermoeglichen sehr interessante Manoever."
mult_speed_enhancer,upgrades/Engines/Engine_Enhancements_Heavy,250000,.01,1,"@cargo/cargo_hud.png@Mit der Verbesserung der Toleranzen der passiven Schiffspartikelschilder und der autokompensierenden Software, koennen hoehere Geschwindigkeiten erreicht werden, bevor das Schutzschild ausgedehnt und dadurch geschwaecht werden muss."
shield_2,upgrades/Shield_Systems/Light,3500,.01,1,"@cargo/cargo_hud.png@Eine Kombination von magnetischem und Gravitations- Schutzschild. Emitter 2 Modell."
shield_2_Level1,upgrades/Shield_Systems/Light,9000,.01,1,"@cargo/cargo_hud.png@Eine Kombination von magnetischem und Gravitations- Schutzschild. Emitter 2 Modell."
shield_4,upgrades/Shield_Systems/Light,4000,.01,1,"@cargo/cargo_hud.png@Eine Kombination von magnetischem und Gravitations-Schutzschild. Emitter 4 Modell."
shield_4_Level1,upgrades/Shield_Systems/Light,10000,.01,1,"@cargo/cargo_hud.png@Eine Kombination von magnetischem und Gravitations-Schutzschild. Emitter 4 Modell."
shield_2_Level2,upgrades/Shield_Systems/Medium,25000,.01,1,"@cargo/cargo_hud.png@Eine Kombination von magnetischem und Gravitations- Schutzschild. Emitter 2 Modell."
shield_2_Level3,upgrades/Shield_Systems/Medium,40000,.01,1,"@cargo/cargo_hud.png@Eine Kombination von magnetischem und Gravitations- Schutzschild. Emitter 2 Modell."
shield_4_Level2,upgrades/Shield_Systems/Medium,30000,.01,1,"@cargo/cargo_hud.png@Eine Kombination von magnetischem und Gravitations-Schutzschild. Emitter 4 Modell."
shield_4_Level3,upgrades/Shield_Systems/Medium,50000,.01,1,"@cargo/cargo_hud.png@Eine Kombination von magnetischem und Gravitations-Schutzschild. Emitter 4 Modell."
shield_2_Level4,upgrades/Shield_Systems/Heavy,90000,.01,1,"@cargo/cargo_hud.png@Eine Kombination von magnetischem und Gravitations- Schutzschild. Emitter 2 Modell."
shield_2_Level5,upgrades/Shield_Systems/Heavy,140000,.01,1,"@cargo/cargo_hud.png@Eine Kombination von magnetischem und Gravitations- Schutzschild. Emitter 2 Modell."
shield_4_Level4,upgrades/Shield_Systems/Heavy,100000,.01,1,"@cargo/cargo_hud.png@Eine Kombination von magnetischem und Gravitations-Schutzschild. Emitter 4 Modell."
shield_4_Level5,upgrades/Shield_Systems/Heavy,150000,.01,1,"@cargo/cargo_hud.png@Eine Kombination von magnetischem und Gravitations-Schutzschild. Emitter 4 Modell."
shield_2_Level6,upgrades/Shield_Systems/Heavy,300000,.01,1,"@cargo/cargo_hud.png@Eine Kombination von magnetischem und Gravitations- Schutzschild. Emitter 2 Modell."
shield_4_Level6,upgrades/Shield_Systems/Heavy,300000,.01,1,"@cargo/cargo_hud.png@Eine Kombination von magnetischem und Gravitations-Schutzschild. Emitter 4 Modell."
shield_2_Level7,upgrades/Shield_Systems/Heavy,600000,.01,1,"@cargo/cargo_hud.png@Eine Kombination von magnetischem und Gravitations- Schutzschild. Emitter 2 Modell."
shield_4_Level7,upgrades/Shield_Systems/Heavy,600000,.01,1,"@cargo/cargo_hud.png@Eine Kombination von magnetischem und Gravitations-Schutzschild. Emitter 4 Modell."
shield_2_Level8,upgrades/Shield_Systems/Heavy,1200000,.01,1,"@cargo/cargo_hud.png@Eine Kombination von magnetischem und Gravitations- Schutzschild. Emitter 2 Modell."
shield_4_Level8,upgrades/Shield_Systems/Heavy,1200000,.01,1,"@cargo/cargo_hud.png@Eine Kombination von magnetischem und Gravitations-Schutzschild. Emitter 4 Modell."
shield_2_Level9,upgrades/Shield_Systems/Heavy,2500000,.01,1,"@cargo/cargo_hud.png@Eine Kombination von magnetischem und Gravitations- Schutzschild. Emitter 2 Modell."
shield_4_Level9,upgrades/Shield_Systems/Heavy,2500000,.01,1,"@cargo/cargo_hud.png@Eine Kombination von magnetischem und Gravitations-Schutzschild. Emitter 4 Modell."
shield_2_Level10,upgrades/Shield_Systems/Heavy,6000000,.01,1,"@cargo/cargo_hud.png@Eine Kombination von magnetischem und Gravitations- Schutzschild. Emitter 2 Modell."
shield_4_Level10,upgrades/Shield_Systems/Heavy,6000000,.01,1,"@cargo/cargo_hud.png@Eine Kombination von magnetischem und Gravitations-Schutzschild. Emitter 4 Modell."
mult_shield_regenerator,upgrades/Shield_Systems/Heavy,170000,.01,1,"@cargo/cargo_hud.png@Vergroessert die Wiederaufladegeschwindigkeit der Schutzschilde."
plasteel,upgrades/Armor_Modification,1000,.01,1,"@cargo/cargo_hud.png@Im engerem Sinn eher ein Ausbau der Huelle, als eine aktuelle Panzerung, Plasteel ist trotzdem billig und kosteneffektiv."
tungsten,upgrades/Armor_Modification,1500,.01,1,"@cargo/cargo_hud.png@Dicht, und mit einem hohen Schmelzpunkt, auf Tungsten basierende Panzerung ist primitiv, aber nicht unwirksam."
TantalumCarbide,upgrades/Armor_Modification/Aera_Milspec,500,.01,1,"@cargo/cargo_hud.png@Nur durch das Besitzen eines sehr hohen Schmelzpunkts, ist es, wie auch immer, nicht eine besonders gute Panzerung. Aber die Aeraner koennen es billig produzieren."
Polysteel,upgrades/Armor_Modification/Aera_Milspec,1600,.01,1,"@cargo/cargo_hud.png@Teurer als Plasteel, aber gleichzeitig viel effektiver."
PolyDuranium,upgrades/Armor_Modification/Aera_Milspec,10000,.01,1,"@cargo/cargo_hud.png@Eine Vielzahl Schichten von Duranium und Polysteel, auf der Oberflaeche mit Bipolite und einer Anordnung von Stromleitungen und Ablativen."
isometal,upgrades/Armor_Modification/Confed_Milspec,2000,.01,1,"@cargo/cargo_hud.png@Dadurch, dass die Panzerungsstruktur sehr gleichmaessig ist, wurde die Panzerung viel staerker."
add_ablative_hull_coating,upgrades/Hull_Upgrades,12000,10,0,"@cargo/cargo_hud.png@"
add_sublimative_hull_coating,upgrades/Hull_Upgrades,15000,15,1,"@cargo/cargo_hud.png@"
add_second_hull,upgrades/Hull_Upgrades,25000,100,1,"@cargo/cargo_hud.png@Durch den Gebrauch der hervorragenden Isolierungseingenschaften des Vakuums, koennen diejenigen, die nicht besorgt sind ueber das Zusatzgewicht und die Zusatzkosten, eine zweite Schicht (Kuehlerblech ) auf ihr Raumschiff legen."
add_aera_hull_coating,upgrades/Hull_Upgrades/Aera_Milspec,5000,6,1,"@cargo/cargo_hud.png@Durch das Belegen der Huelle mit Kuehlerrippen, eingebettet in Hochtemperaturablative, die auf einem kinetischem Verteiler sitzen, wird die Energie ueber die ausgedehnten Regionen der Huelle verbreitet, was der Huelle erlaubt mehr Schaden einzustecken, bevor irgend ein Teil kollabiert."
add_micro_shielding,upgrades/Hull_Upgrades/Rlaan_Milspec,30000,5,1,"@cargo/cargo_hud.png@Durch eingebettete Partituren von miniaturisierten Schildeinheiten in der Huelle, wurde die Moeglichkeit der Huelle, Schaden zu absorbieren massiv gesteigert, auf die Kosten eines bedeutenden Energieverbrauchs."
polymer_hull,upgrades/Hull_Upgrades/Confed_Milspec,10000,0,0,"@cargo/cargo_hud.png@Optimiert fuer kleine Massen, ist diese Huelle konstruiert aus kreuzgewebten langen Karbon-Nanoroehrchen eingebettet in ein hartes Epoxyd, bedeckt mit einer dicken Schicht UV-Schutz."
reinforced_hull,upgrades/Hull_Upgrades/Confed_Milspec,25000,4,4,"@cargo/cargo_hud.png@Das Grundhuellen-Design ist modifiziert mit zusaetzlichen Stuetzen und Honigwaben-Design zur Erhoehung der Elastizitaet gegen Schaden."
ecm_package_1,upgrades/ECM_Systems,5000,.01,1,"@cargo/cargo_hud.png@ElektronischeZaehlerMasse\ECM bezieht sich auf ein umfassendes Spectrum von Techniken, die entworfen worden, um feindliche Sensoren und Kommunikation zu vernichten oder zu taueschen ."
ecm_package_2,upgrades/ECM_Systems,15000,.01,1,"@cargo/cargo_hud.png@ElektronischeZaehlerMasse\ECM bezieht sich auf ein umfassendes Spectrum von Techniken, die entworfen worden, um feindliche Sensoren und Kommunikation zu vernichten oder zu taeuschen ."
hud_repair,upgrades/Repair_Systems,4000,.01,1,"@cargo/cargo_hud.png@Da jedes Schiff einer bestimmten Groesse keine physikalische Rundumuebersicht fuer seinen Piloten hat, und da kein Pilot ohne Navigatsionsystem fliegen kann, ist die Faehigkeit waerend des Fluges ein zerstoertes Navigationssystem zu reparieren beinahe ueberlebenswichtig."
repair_system,upgrades/Repair_Systems,10000,.01,1,"@cargo/cargo_hud.png@Ein verteiltes Netwerk von lokalen Schadenskontrolleinheiten, dieses Reparatursystem kann beschaedigte Module isolieren, den Folgeschaden minimieren und einige fehlerhafte Funktionen wiederherstellen."
repair_system_advanced,upgrades/Repair_Systems,20000,.01,1,"@cargo/cargo_hud.png@Mit der Vergroesserung der Arbeitskraft des Rearatursystems, haben mehrere der lokalen Module eine groessere Wahrscheinlichkeit einen Schaden zu ueberleben und repariert zu werden. "
repair_droid,upgrades/Repair_Systems/Advanced,30000,.01,1,"@cargo/cargo_hud.png@Ein zusammenarbeitendes Netzwerk von Untereinheiten, dass waehrend des Fluges Reparaturarbeiten verrichten kann."
repair_droid_advanced,upgrades/Repair_Systems/Advanced,90000,.01,1,"@cargo/cargo_hud.png@Stabil genug um Reparaturen waehrend eines Kampfes durchzufuehren. Intelligent genug sich zu merken, nicht den Computer zu waschen."
repair_ai,upgrades/Repair_Systems/Research,200000,.01,1,"@cargo/cargo_hud.png@Manchmal ist es genauso wichtig, Prioritaeten zu setzen, was zuerst repariert wird, wie das Reparieren an sich."
repair_ai_advanced,upgrades/Repair_Systems/Research,300000,.01,1,"@cargo/cargo_hud.png@Aehnlich dem normalen Reparatur-AI, aber mit optimiertem Computercode und besserer Garantie."
SkyScope_Alpha,upgrades/Radar/Basic,5000,.01,1,"@cargo/cargo_hud.png@Einfaches Radargeraet"
SkyScope_AlphaPlus,upgrades/Radar/Basic,10000,.01,1,"@cargo/cargo_hud.png@Einfaches Radargeraet"
StarScanner_2530,upgrades/Radar/Basic,20000,.01,1,"@cargo/cargo_hud.png@Einfaches Radargeraet"
SkyScope_Beta,upgrades/Radar/Intermediate,20000,.01,1,"@cargo/cargo_hud.png@Mittelmaessiges Radargeraet"
StarScanner_2545,upgrades/Radar/Intermediate,40000,.01,1,"@cargo/cargo_hud.png@Mittelmaessiges Radargeraet"
Hawkeye_ZX-16,upgrades/Radar/Intermediate,80000,.01,1,"@cargo/cargo_hud.png@Mittelmaessiges Radargeraet"
StarScanner_2600,upgrades/Radar/Advanced,120000,.01,1,"@cargo/cargo_hud.png@Gutes Radargeraet"
Hawkeye_ZX-50,upgrades/Radar/Advanced,140000,.01,1,"@cargo/cargo_hud.png@Gutes Radargeraet"
Hawkeye_ZX-86,upgrades/Radar/Advanced,160000,.01,1,"@cargo/cargo_hud.png@Sehr gutes Radargeraet"
rlaan_turret_pd,upgrades/Weapons/Turrets/Rlaan,10000,.1,1,"@cargo/cargo_hud.png@Die Rlaaner sind bakannt fuer ihre Verachtung von Raketen, besonders auf diejenigen, die auf sie gefeuert werden."
rlaan_turret_mini,upgrades/Weapons/Turrets/Rlaan,14000,.1,1,"@cargo/cargo_hud.png@Obwohl rlaanische Schiffe dazu neigen, Schilder anbringen, die faehig sind, die meisten kleineren Waffen abzuwehren, ziehen sie jedoch die Option vor, ihre Gegner zu zwingen, das Feuer einzustellen."
aera_turret_pd,upgrades/Weapons/Turrets/Aera,10000,.1,1,"@cargo/cargo_hud.png@Durch Gebrauch von niederwelligen Impulslasern, haben die Aeraner eine einfache und effektive Antiraketenwaffe geschaffen."
beam_turret,upgrades/Weapons/Turrets,15000,.1,1,"@cargo/cargo_hud.png@Speziell konstruiert fuer die Energie- und Hitzezerstreungsanforderungen von Beamwaffen, hat dieser Gefechtsturm alles was du brauchst um ein Paar von ihnen anzubringen."
turret_pd,upgrades/Weapons/Turrets,10000,.1,1,"@cargo/cargo_hud.png@ES wird schwer angeraten, nicht schiess die Rakete ab zu spielen, es sei denn es sind mehrere angebracht."
heavy_turret,upgrades/Weapons/Turrets,30000,.1,1,"@cargo/cargo_hud.png@Bei Ausweichmaneuvern eine gute Waffe, um nach hinten zu schiessen."
small_turret,upgrades/Weapons/Turrets,10000,.1,1,"@cargo/cargo_hud.png@Durch die Allgemeinverteilung der Panzerung in diesen Gefechtstuermen, wurde der kleine Gefechtsturm bekannt als die Maschine, die zuerst explodiert."
medium_turret,upgrades/Weapons/Turrets,20000,.1,1,"@cargo/cargo_hud.png@Er dreht sich, er schiesst, er schneidet. Nein, nicht in Wuerfel, aber er kommt im Paar."
capship_turret,upgrades/Weapons/Turrets,40000,.1,1,"@cargo/cargo_hud.png@Beim Baerenjagen, sei vorsichtig, und trage einen grossen Stock"
capship_turret_heavy,upgrades/Weapons/Turrets,80000,.1,1,"@cargo/cargo_hud.png@Falls man das in dein Schiff einbauen kann, kannst darauf montieren, was immer du willst."
turret_pd_long,upgrades/Weapons/Turrets,80000,.1,1,"@cargo/cargo_hud.png@Eine der am meisten beeindruckenden Anwendungen der Disruptortechnologie, dieser militaerische Punktfeuerverteidigungsgefechtsturm ist der Beste seiner Sorte."
franklin_pd,upgrades/Weapons/Turrets,100000,.1,1,"@cargo/cargo_hud.png@Diese Gefechtstuerme wurden gewoehnlich fuer die Franklinraumschiffe fuer den diplomatischen Transport konstruiert. Jeder Teufelskerl, der mit einer Franklin protzt, sollte sich zweifelsohne diese hervorragenden Gefechtstuerme besorgen zur Ergaenzung der auesseren Ausstattung."
add_fuel,upgrades/Miscellaneous,1000,.01,1,"@cargo/cargo_hud.png@Jede Aktion verlangt eine Reaktion."
jump_drive,upgrades/Miscellaneous,10000,.01,1,"@cargo/cargo_hud.png@Diese Erweiterung des Innersystemsprungsystems wird in allen modernen Schiffen gefunden und ist notwendig fuer wirkungsvolle interstellare Reisen. Nur an den Sprungstellen im Weltall zu gebrauchen, erlaubt es dieses Geraet durch die Wurmloecher an diesen Stellen zu tunneln."
add_cargo_volume,upgrades/Miscellaneous,10000,.01,1,"@cargo/cargo_hud.png@Es ist wirklich erstaunlich herrauszufinden, wieviel Zusatzplatz jemand hat, falls man  die Sicherheitsbedingungen geringfuegig modifiziert."
add_jump_capacitance,upgrades/Miscellaneous,100000,.01,1,"@cargo/cargo_hud.png@"
add_secondary_thrusters,upgrades/Miscellaneous,100000,.01,1,"@cargo/cargo_hud.png@"
mult_inertial_compensators,upgrades/Miscellaneous,10000000,.01,1,"@cargo/cargo_hud.png@"
cloaking_device,upgrades/Miscellaneous/Aera_Milspec,259000,8.9,1,"@cargo/cargo_hud.png@Eine graessliche Notwendigkeit fuer diejenigen, die wuenschen unbemerkt zu bleiben. Es ist nicht, wie auch immer, in der Lage dauerhaft moderne Sensor- Technologie zu taueschen."
kineticmissile,upgrades/Ammunition/Capship,4000,.01,1,"@cargo/cargo_hud.png@"
capiff_ammo,upgrades/Ammunition/Capship,2000,.01,1,"@cargo/cargo_hud.png@"
cap_iff,upgrades/Ammunition/Capship,2000,.01,1,"@cargo/cargo_hud.png@"
capcluster_ammo,upgrades/Ammunition/Capship,2000,.01,1,"@cargo/cargo_hud.png@"
capshipmissile_ammo,upgrades/Ammunition/Capship,2000,.01,1,"@cargo/cargo_hud.png@"
grand_gauss,upgrades/Ammunition/Capship,3000,.01,1,"@cargo/cargo_hud.png@"
dumbfire_ammo,upgrades/Ammunition,20,.01,1,"@missile-hud.png@"
heatseeker_ammo,upgrades/Ammunition,35,.01,1,"@missile-hud.png@"
image_recognition_ammo,upgrades/Ammunition,75,.01,1,"@missile-hud.png@"
friend_or_foe_ammo,upgrades/Ammunition,100,.01,1,"@missile-hud.png@"
torpedo_ammo,upgrades/Ammunition,2000,.01,1,"@cargo/cargo_hud.png@"
emp_torpedo_ammo,upgrades/Ammunition,2500,.01,1,"@cargo/cargo_hud.png@"
javelin,upgrades/Ammunition,4000,.01,1,"@cargo/cargo_hud.png@"
maul_ammo,upgrades/Ammunition,2000,.01,1,"@cargo/cargo_hud.png@"
cluster_ammo,upgrades/Ammunition,2000,.01,1,"@cargo/cargo_hud.png@"
swarm_ammo,upgrades/Ammunition,80,.01,1,"@cargo/cargo_hud.png@"
photon_swarm,upgrades/Ammunition,90,.01,1,"@cargo/cargo_hud.png@"
killerbee_ammo,upgrades/Ammunition,85,.01,1,"@cargo/cargo_hud.png@"
hail_ammo,upgrades/Ammunition,90,.01,1,"@cargo/cargo_hud.png@"
hephaestus_mini,upgrades/Ammunition,90,.01,1,"@cargo/cargo_hud.png@"
hephaestus_point_defense,upgrades/Ammunition,90,.01,1,"@cargo/cargo_hud.png@"
gauss_ammo,upgrades/Ammunition,300,.01,1,"@cargo/cargo_hud.png@"
breeze_ammo,upgrades/Ammunition,300,.01,1,"@cargo/cargo_hud.png@"
porcupine_mine,upgrades/Ammunition,300,.01,1,"@cargo/cargo_hud.png@"
dumbfire_3pack_ammo,upgrades/Ammunition/3pack,20,.01,1,"@missile-hud.png@"
heatseeker_3pack_ammo,upgrades/Ammunition/3pack,35,.01,1,"@missile-hud.png@"
image_recognition_3pack_ammo,upgrades/Ammunition/3pack,75,.01,1,"@missile-hud.png@"
friend_or_foe_3pack_ammo,upgrades/Ammunition/3pack,100,.01,1,"@missile-hud.png@"
leech_3pack_ammo,upgrades/Ammunition/3pack,1000,.01,1,"@cargo/cargo_hud.png@"
swarm_3pack_ammo,upgrades/Ammunition/3pack,80,.01,1,"@cargo/cargo_hud.png@"
killerbee_3pack_ammo,upgrades/Ammunition/3pack,85,.01,1,"@cargo/cargo_hud.png@"
gauss_3pack_ammo,upgrades/Ammunition/3pack,300,.01,1,"@cargo/cargo_hud.png@"
breeze_3pack_ammo,upgrades/Ammunition/3pack,300,.01,1,"@cargo/cargo_hud.png@"
reaper_cannon,upgrades/Experimental,1200000,.01,1,"@cargo/cargo_hud.png@"
cloaking_device,upgrades/Experimental,259000,8.9,1,"@cargo/cargo_hud.png@Dieses Geraet benutzt Gravitationsmanipulationstechnologie. Eine starke Gravitationslinse lenkt die Strahlung, die von aktiven Sensorem ausgestrahlt wird um das Schiff herum. Dies macht das Raumschiff komplett unsichtbar fuer aktive und passive Sensoren."
advtorpedo_ammo,upgrades/Experimental,2000,.01,1,"@cargo/cargo_hud.png@"
hail_3pack_ammo,upgrades/Experimental,90,.01,1,"@cargo/cargo_hud.png@"
leech_ammo,upgrades/Experimental,1000,.01,1,"@cargo/cargo_hud.png@"
ecm_package_3,upgrades/Experimental,30000,.01,1,"@cargo/cargo_hud.png@Electronic CounterMeasures\ ECM bezieht sich auf ein ausgedehntes Spektrum von Techniken, die entworfen wurden, um feindliche Sensorenund Kommunikation abzuweisen oder reinzulegen."
First_Class_Passenger,Passengers,,.01,100,"@cargo/cargo-hud.png@Falls du 1.Klasse Passagiere befoerderst, sollten sie den ganzen Komfort haben, den sie erwarten"
Business_Class_Passenger,Passengers,,.01,50,"@cargo/cargo-hud.png@Mit einem Laptop und einem grossem Sitzplatz, erfreut sich der Business-Class-Passagier ueber etwas weniger Platz als der 1.Klasse Passagier"
AI_Cores,Passengers,1375,.01,5,"@cargo/ai_cores.png@Weil sie mit der Fracht reisen muessen, fangen sie an, dich Dave zu nennen."
Frozen_Colonist,Passengers/Economy,,1,3,"@cargo/frozen_colonist.png@Hoeflich, platzsparend, er versucht nicht hinter dem Piloten zu sitzen, es kuemmert ihn nicht, wie lange es dauert um anzukommen. Ungluecklicherweise, technisch bedingt, wenn auch nur zeitweise, verstorben - nichts fuer eine Unterhaltung."
Hitchhiker,Passengers/Economy,,.4,6,"@cargo/steerage_class@Bringt immer sein/ihr Handtuch mit."
Standard_Mealpacks,Natural_Products/Confed_Food,100,.01,1,"@cargo/stamdard_mealpacks.png@Nahrung! Hervorragende Nahrung! Heisses Soyagranulat(Soyafleisch) und  Soyamilch!"
Luxury_Foods,Natural_Products/Confed_Food,180,.01,1,"@cargo/luxury_mealpacks.png@Beinhaltet solche Raritaeten, wie z.B. game meat (Alligator, Bueffel, Kaengeruh, Froschschenkel) und importierte Spezialitaeten, diese Luxuswaren werden hauptsaechlich von besseren Hotels und Restaurants gekauft."
Filtered_Water,Natural_Products/Confed_Food,40,.01,1,"@cargo/fresh_water.png@Waehrend keine Kolonialwelt, auf der Menschen oder Aeraner angesiedelt sind, ohne natuerliche reichhaltige Wasservorkommen ist, haben Weltraumbergbauminen und orbitale Stationen  immer den Bedarf der Wiederbeschaffung von Wasser."
Filtered_Water,Natural_Products/Aera_Food,40,.01,1,"@cargo/fresh_water.png@Waehrend keine Kolonialwelt, auf der Menschen oder Aeraner angesiedelt sind, ohne natuerliche reichhaltige Wasservorkommen ist, haben Weltraumbergbauminen und orbitale Stationen  immer den Bedarf der Wiederbeschaffung von Wasser."
Aera_Ration,Natural_Products/Aera_Food,40,.01,1,"@cargo/cargo-hud.png@Durch den Inhalt der utilitaristisch dehydrierten Essensriegel mit Jerky zum Dessert, ist die  aeranische Essensration geniessbar fuer Menschen, aber der langanhaltende menschliche Konsum hat eventuelle Krankheiten und den Tod zur Folge durch den Alkaloidgehalt."
Jhurlon,Natural_Products/Aera_Food,140,.01,1,"@cargo/jhulon.png@Die Eingeborenen der Bzbr-Welt, die Jhurlon gleichen am ehesten einer brockengrossen Behausung der Landmuschel. Waehrend sie sehr gut gegen eingeborene Feinde geschuetzt sind, hat moderne Technologie das Zerschneiden ihrer Muschelschale viel einfacher gemacht."
Salted_Thok,Natural_Products/Aera_Food,130,.01,1,"@cargo/salted_thok.png@Da die Aeraner ihre Dschungelwaelder zerstoert haben, und es den Meeren besser ergangen ist, fahren sie immer noch fort, diese noch Fisch schmeckende Kreatur zu zuechten."
Rlaan_Nutripack,Natural_Products/Rlaan_Food,140,.01,1,"@cargo/cargo-hud.png@Beinhaltet einen Proteinstein, Kohlehydratschleim und sprudelnde Getraenke, sogar die Rlaaner finden etwas begehrenswertes in dessen Aesthetik."
Rlaan_Luxury_Nutripack,Natural_Products/Rlaan_Food,150,.01,1,"@cargo/cargo-hud.png@Ist in etwa das rlaanische Gegenstueck zu Haggis, wer nicht weiss, was Haggis ist oder es auch mal kochen moechte, hier die Zutaten fuer Haggis (1 Schafsleber, 200 g Nierenfett (Rindenfett ist am besten), 1 geleerter Schafsmagen, 1 Schafsherz, 2 Zwiebeln fein gehackt, Bruehe, 75 g Hafermehl, Pfeffer, Salz, Muskatnuss), serviert mit dem rlaanischem Gegenstueck von Lutefisk auch hier ein Tip fuer die Zubereitung(Stockfisch mehrere Tage in Wasser einlegen, dann das Wasser wieder herrausdruecken, falls man das unterlaesst, hat man Matsch. Wenn man das Haus nur noch mit einer Gasmaske betreten kann, steht dem Genuss dieser kulinarischen Delikatesse nichts mehr im Wege.), man kann nur vermuten, dass die Rlaaner nicht vertraut sind mit den kulinarischen Genuessen anderer Gattungen/Rassen, obwohl Diplomaten und Politiker aller Rassen/Gattungen ja auch sehr gerne gefuellten Pfaelzer-Saumagen essen. Quelle fuer die Rezepte=G.W.W.(Galactical-Wide-Web)."
Rlaan_Generic_Nutripack,Natural_Products/Rlaan_Food,40,.01,1,"@cargo/cargo-hud.png@Hauptsaechlich bestehend aus Amoniakloesungen und Gels, gelagert bei geeigneten Temperaturen, so dass das Amoniak fluessig bleibt, ist das oeffnen eines dieser Pakete eine fatale Erfahrung fuer einen unvorbereiteten Menschen."
Coffee,Natural_Products/Food,140,.01,1,"@cargo/cargo-hud.png@Generation auf Generation von Abhaengigen haben die Kaffeeproduktion zu einer der groessten bekannten Industrien im Weltraum gemacht."
Animal_Products,Natural_Products/Food,110,.01,1,"@cargo/animal_products.png@Typisch fuer den Tagesablauf, Eier, Kaviar und andere Produkte von verschiedenen tierischen inneren Organen, bleiben die Essensquelle mit hohem Naehrgehalt fuer alle Gattungen, und einige Abendessen werden zu einem zweifelhaften Vergnuegen, weil man Nahrung isst, die orginal aus diesen Quellen stammt."
Grains,Natural_Products/Food,70,.01,1,"@cargo/grains.png@Die essbaren Grassamen, Getreide, und die Karbohydrate, die sie aufsammeln, sind die Pfeiler einer allumfassenden Diaet. Wenn sie vernuenftig vergoren sind, werden sie die Stuetze einer fluessigen Diaet."
Seafood,Natural_Products/Food,115,.01,1,"@cargo/seafood.png@Das einzig allgemein bekannte Fleisch, dass nicht in Spezialtanks geklont wird, ist Fisch, oder das lokale Gegenstueck, falls essbar, ist es die Hauptstuetze der Agrarplanetendiaeten."
Meats,Natural_Products/Food,110,.01,1,"@cargo/animal_meat.png@Da die Zuechtung von Tieren zu resourcenintensiv ist, wird fast alles Fleisch in Spezialtanks hergestellt/geklont."
Produce,Natural_Products/Food,80,.01,1,"@cargo/produce.png@Obwohl Weltraumeinrichtungen einen Algenschlamm zur Grundernaehrung zuechten, kann man nur einen lausigen Salat damit machen."
Malt_Beverages,Natural_Products/Liquor,45,.01,1,"@cargo/cargo-hud.png@Bier! (Das fluessige Abendbrot.)"
Specialty_Wines,Natural_Products/Liquor,10000,2,1,"@cargo/arkturian_wines.png@Feine handgemachte Weine von bedaechtig kultivierten Weinbergen. Im Unterschied zu den billigen Weinen von Farmplaneten, die fuer die Weinproduktion geeignet sind, enthaelt jede Flasche fluessige Kunstfertigkeit und das Potenzial fuer eine kulinarische Entdeckungsreise."
Bulk_Wines,Natural_Products/Liquor,100,.01,1,"@cargo/wine.png@Solange die Lieferungen von franzoesischen Snobs mit kalifornischen Snobs konkurrieren, ist die Weinherstellung ein Konkurenzkampf von franzoeisischen Snobs von verschiedenen Planeten mit kalifornischen Snobs von verschiedenen Planeten. Rotwein wird unterschieden von Weisswein, dadurch das er besser schmeckt und wird schlechter, um so billiger der Wein wird.  Weisswein wird unterschieden von Rotwein dadurch, das wenn der Wein billiger wird, er immer mehr anfaengt nach Wasser zu schmecken, aus dem er hervor gekommen ist. Anmerkung des Uebersetzers: Na,ja, lassen wir das mal so dahingestellt."
Spirits,Natural_Products/Liquor,55,.01,1,"@cargo/spirits.png@Spirituosen sind diese Liquoere von ausreichend unbestimmter Machart, so dass man am besten sagen kann, sie wurden produziert in der Gesinnung trinkbar zu sein."
Brandy,Natural_Products/Liquor,70,.01,1,"@cargo/cargo-hud.png@Vergorene Trauben, destilliert in leberschreiender Perfektion. Bemerkenswert, nachdem die Menschheit in den Weltraum expandierten, hoerten die Leute auf, sich darum zu kuemmern, ob ihr Brandy aus der Cognac-Region kam oder nicht."
Space_Grog,Natural_Products/Liquor,60,.01,1,"@cargo/space_grog.png@Schwarzgebranntes destilliertes vergorenes Zuckerprodukt. Saufen und laufen gehoert zusammen, zuerst saufen, dann zur Toilette laufen ... und der lokale Rot-Gut (benannt nach einem Totengraeber aus London, der Whisky benutzte, um Leichen zu konservieren, welche er an Mediziner zum sezieren verkaufte, den guten Tropfen verkaufte er dann an ...) ist noch billiger.Nicht zu verwechseln mit dem gleichnamigen Bier und Cocktail."
Tripezian_Premium,Natural_Products/Confed_Liquor,55,.01,.25,"@cargo/tripezian_premium.png@Koste den Geschmack der Grenze! Tripezian Ale ist ein Produkt aus gegorenen tripezianischen Beeren, eine ausserirdische Frucht, toedlich wenn sie gegessen werden, aber deren gegorenee Saefte einen intensiven und exotischen Geschmack haben. Tripezianische Beeren werden nur auf wenigen Welten hergestellt und in limitierten Mengen. Das macht tripezianisches Ale zu einem der teuersten und  am meist gesuchten Getraenke im gesamten bekannten Weltraum."
Sarakan_Tears,Natural_Products/Uln_Liquor,160,.01,.25,"@cargo/sarakan_tears.png@Destilliert aus dem Saft des Sarakbusches, kann diese Spirituose mit folgendem alten Sprichwort beschrieben werden 'Was auch immer dich nicht umbringt, erstarrt den Mund, brennt im Hals, verstimmt den Magen, schenk dir einen neuen ein, und laesst dich mit einer netten rosa Brille ins Universum schauen!"
Cotton,Natural_Products/Plants,120,.01,1,"@cargo/cotton.png@Lange benutzt um Kleidung, Textilen und Heimausstattung zu produzieren, verbleibt eine Nachfrage fuer Baumwolle trotz der vielzahligen syynthetischen Alternativen."
Incense,Natural_Products/Plants,50,.01,.1,"@cargo/incense.png@Bestehend aus zusammengepresstem, wohlriechendem Pflanzenharz und Oelen, wird  die gelegentliche Freizeitdroge Weihrauch gebraucht fuer beides, religioese Zwecke und fuer den Massenmarkt zur Entspannung."
Bonsai,Natural_Products/Plants,250,.01,1,"@cargo/bonsai.png@Die alte Kunst der Bonsaibaueme (grob: Baumbeschneidung) erschafft leicht zu transporitierende Pflanzengebilde in allen exotischen Formen und Verbiegungen. In hoher Nachfrage fuer ihr aesthaetisches Aussehen, werden sie oft benutzt, um die landschaftliche Rundumsicht zu vervollkommnen . Eine weitere Benutzung ist der beruhigende Effekt, wenn sie sich um ihren Bonsai kuemmern."
Khaisalantimin_F62,Natural_Products/Plants,500,.01,1,"@cargo/khaisalantimin_F62.png@Hergestellt aus einem genetisch engineertem Hybrid aus Erd- und Xenoflora, die F62 Variante aus dem Extract der Samen der Khaisalpflanze leitet einen langanhaltenden Zustand der Euphorie bei Menschen ein. Obwohl das Extrakt ist nicht wirklich giftig und die Gabe bemerkenswert mild ist, entstehen Probleme durch das rapide Ansteigen der Toleranz gegenueber allem und dem Unwillen zu arbeiten durch den Gebrauch."
Tobacco,Natural_Products/Plants,110,.01,1,"@cargo/cargo-hud.png@Die Tabakplanze, von der Erde stammend, ist die Quelle des Pesticids Nicotin. Tabak setzt frei, wenn er raucht und brennt, setzt das suchterzeugende Pestizid frei, zusammen mit zahlreichen Krebserregern. Bis jetzt war keine Rasse ausser den Menschen dumm genug, das suchterzeugende Pestizid in der Freizeit zu benutzen."
Water,Natural_Products/Natural_Resources,10,1,1,"@cargo/heavy_water.png@Auch bekannt als das universelle Loesungsmittel, Wasser ist eine brauchbare Substanz, auch fuer solche Rassen, die es biologisch nicht brauchen."
Rubber,Natural_Products/Natural_Resources,150,.01,1,"@cargo/rubber.png@Eine elastische Substanz, die in dem geronnen, milchigen Saft von verschiedenen tropischen Pflanzen enthalten ist, vorbereitet in Platten, dann getrocknet und geschitten. Grundlegende Benutzung beinhaltend, 18-21jaehrige davor zu schuetzen, Allimente zu zahlen."
Livestock,Natural_Products/Natural_Resources,110,.01,1,"@cargo/erotica.png@Ohne Ziegen und Schafe, waere die Welt des guten Kaeses ausserordentlich verkleinert."
Lumber,Natural_Products/Natural_Resources,105,.01,1,"@cargo/lumber.png@Obwohl  Holz nicht mehr ein allgemeines Baumaterial in strukturellen Aspekten ist, bleibt es ein aesthaetisch gewuenschtes von vielen Einwohnern von Industrie eingepflasterten Welten."
Iron_Ore,Raw_Materials/Metals/Crude,52,.01,1,"@cargo/base.png@Eisen war entscheidend in der Geschichte aller raumfahrenden Rassen. Die wichtigste Abweichung ist das Verhaeltnis des gekochten Eisens zur Eisen- und Stahl-Waffenherstellung."
Nickel_Ore,Raw_Materials/Metals/Crude,50,.01,1,"@cargo/base.png@brauchbar als Anti-Rostbeschichtung. Nickel wird oft in Massen gefoerdert aus Nickel-Eisen-Asteroiden."
Tin_Ore,Raw_Materials/Metals/Crude,47,.01,1,"@cargo/base.png@Durch fehlendes Zinn wuerde der interstellar Sardinenhandel zu einer Flunder."
Tungsten_Ore,Raw_Materials/Metals/Crude,110,.01,1,"@cargo/base.png@Durch seinen aussergewoehnlichen Schmelzpunkt und bleibende dehnbare Staerke bei hohen Temparaturen, ist Wolfram ein entscheidender Teil der Raumfahrtindustrie."
Alkali_Metals,Raw_Materials/Metals/Crude,47,.01,1,"@cargo/base.png@Achtung: Nicht mit Wasser waschen."
Gold,Raw_Materials/Metals/Precious,160,.01,1,"@cargo/cargo-hud.png@Als ein aussergewoehnlich biegsames Metall, wurde Gold lange benutzt zur Herstellung von unnoetigen, obwohl schoenen Konstruktionen. Seine leitfaehigen Eigenschaften haben, ueber das letzte Jahrtausend, ihm Rollen in mehr brauchbaren Anwendungen gegeben."
Anti_Corrosives,Raw_Materials/Metals/Precious,180,.01,1,"@cargo/cargo-hud.png@Beschichtet mit solchen Metallen wie Platin, geschaetzt fuer ihr Glaenzen und ihre Korussionsbestaendigkeit, fuehrt die Seltenheit dieser Metalle zu ihrem Wert."
Rare_Earth,Raw_Materials/Metals/Precious,156,.01,1,"@cargo/cargo-hud.png@Dichte, seltene Erdmetalle zur Benutzung fuer Legierungen wie Osmium und Irridium."
Isometal,Raw_Materials/Metals/Alloys,130,.01,1,"@cargo/isometal.png@Die allgemeine Beschreibung fuer jedes Metall oder Legierung, dass verstaerkt wurde durch den langsamen thermalen Reduktionskreislauf, ist auch der Markenname der Iridium-, Stahl-, und Titaniumlegierungen einer Firma. "
Plasteel,Raw_Materials/Metals/Alloys,60,.01,1,"@cargo/cargo-hud.png@Mehr Karbon als Stahl, besteht diese Substanz aus Stahl verstaerkt mit zahllosen Karbonnanoroehrchen."
Steel,Raw_Materials/Metals/Alloys,76,.01,1,"@cargo/steel.png@Obwohl es im Leistungsverhalten uebertroffen wurde, ist Stahl, wenn es zu Kosten-Leistungsfragen kommt, immer ein guter Kompromiss, besonders auf weniger entwickelten Welten."
Polysteel,Raw_Materials/Metals/Aera_Alloys,78,.01,1,"@cargo/cargo-hud.png@Ein kompliziertes zusammengekettetes teigaehniches Sandwich aus Metallen und Keramic, zusammengeklebt mit Karbonpolymeren."
Tritanium,Raw_Materials/Metals/Aera_Alloys,100,.01,1,"@cargo/tritanium.png@Eine Legierung,bestehend aus Titanium, Osmium, und Iridium."
Duranium,Raw_Materials/Metals/Aera_Alloys,110,.01,1,"@cargo/cargo-hud.png@Durch das Opfer der vergroesserten Masse fuer groesseren Schutz, wurden massive Platten aus hohlem Uranium mit Osmium gefuellt und eingeschlossen in eine ablative Huelle aus Tantalumkarbid."
Obsidisteel,Raw_Materials/Metals/Rlaan_Alloys,100,.01,1,"@cargo/obsidisteel.png@Eine Kombination aus Metallen und Silicatoxyden , diese dunkle, harte Substanz wird durch seinen Gebrauch in der Kunstwelt geschaetzt."
Carbonium,Raw_Materials/Metals/Rlaan_Alloys,40,.01,1,"@cargo/carbonium.png@Eine Mischung aus Tungsten und Tantalum, in welches Karbon (aus  biologischen Quellen) eingefuehrt wurde. Es wird in verschiedenen Hochtemperaturanwendungen benutzt."
Radium,Raw_Materials/Metals/Radioactive,400,.01,1,"@cargo/radioactives.png@Ein wunderbarer Bestandteil von fluoreszierenden Anstrichen."
Thorium,Raw_Materials/Metals/Radioactive,300,.01,1,"@cargo/radioactives.png@Eine aussergewoehnliche allgemeine Quelle nuklearer Energie, die auch bekannt ist fuer die aussergewoehnlichen Schmelzpunte seiner Oxyde."
Uranium,Raw_Materials/Metals/Radioactive,540,.01,1,"@cargo/radioactives.png@Ein eher gewoehnliches radioaktives Element, das hauptsaechlich in Kernreaktoren benutzt wird. Die uebrigbleibenden Isotope werden fuer kinetische Einschlagswaffen gebraucht."
Diamonds,Raw_Materials/Gems/Jewelry,1000,.01,1,"@cargo/cargo-hud.png@Aussergewoehnlich hart, und brauchbar fuer viele industrielle Anwendungen, wurden diese Karbongitterkristalle eine lange Zeit geliebt fuer ihr glitzerndes Aussehen. Auch wenn die Unterschiede zwischen Naturdiamanten und industriell hergestellten nicht mehr sichtbar sind, gibt es immer noch das Verlangen, mehr zu bezahlen fuer solche, die aus dem Naturstein geschliffen wurden."
Emeralds,Raw_Materials/Gems/Jewelry,1130,.01,1,"@cargo/cargo-hud.png@Eine gruen durchscheinende Variante des Berylium.  Perfekt, um den Zauber von Oz-Look zu kreieren."
Rubies,Raw_Materials/Gems/Jewelry,1233,.01,1,"@cargo/cargo-hud.png@Eine rot durchscheinende Variante von Corundium. Sieht gut auf Schuhen aus."
Corundum_Crystals,Raw_Materials/Gems/Industrial,1400,.01,1,"@cargo/cargo-hud.png@Ein hartes Aluminumoxid, allgemein als Schleifmittel benutzt."
Dilithium_Crystals,Raw_Materials/Gems/Industrial,1340,.01,1,"@cargo/cargo-hud.png@Dilithiumtellurid, obwohl nicht besonders eindrucksvoll, ist es immer ein begehrter Gegenstand der religioesen Fanatiker der Trekkie-Religion."
Quartz_Crystals,Raw_Materials/Gems/Industrial,1000,.01,1,"@cargo/cargo-hud.png@Eine brauchbare Komponente aus billigen Oszilatoren und billiger Kunst."
Trilithium_Crystals,Raw_Materials/Gems/Industrial,1600,.01,1,"@cargo/cargo-hud.png@Obwohl der Besitz in der Trekkie- Religion geschaetzt wird, haben diese Kristalle (Trilithiumnitrid) nur einen kleinen Wert als Edelstein."
Construction_Stone,Raw_Materials/Stone,20,.01,1,"@cargo/construction_stone.png@Billig. Dicht. Steinzeittechnik. Tut seine Arbeit, sowieso."
Natural_Sculptures,Raw_Materials/Stone,350,.01,1,"@cargo/natura_sculptures.png@Urspruenglich als Verschwendung betrachtet, Stein, der von der Natur geformt wurde, wird nun in der Kunst und zur Dekoration genutzt. Grosse Platten werden zur Wanddkoration benutzt, waehrend kleine Stuecke in der Kunst wiedergefunden werden, oder schon Kunst durch ihr Aussehen an sich sind."
Jade,Raw_Materials/Stone,120,.01,1,"@cargo/cargo-hud.png@Gruenlich. Irgendwie teuer. Sehr Retro."
Marble,Raw_Materials/Stone,100,.01,1,"@cargo/cargo-hud.png@Ein geschaetztes Material fuer alte Skulpturen und Innenarchitektur. Marmor ist ein hervorragendes Material fuer Kuenstler und Innenarchitekten."
Natural_Gas,Fuels/Crude,92,.01,1,"@cargo/natural_gas.png@Eine brennbare Mischung aus Gasen, brauchbar als Brennstoff und als Rohstoff in der industriellen Produktion. Eine zweite Quelle dieser Gase ist das Nebenprodukt des tierischen Bioabfalls."
Coal,Fuels/Crude,20,.01,1,"@cargo/hydrocarbons.png@Uraltes komprimiertes Leben aus dem Karbonzeitalter. Feste Form."
Oil,Fuels/Crude,80,.01,1,"@cargo/cargo-hud.png@Fluessige Lipide (Fette und fettaehnliche Substanzen) aus verschiedenen Quellen."
Petroleum,Fuels/Crude,90,.01,1,"@cargo/cargo-hud.png@Uraltes komprimiertes Leben aus dem Karbonzeitalter. Fluessige Form."
Butane,Fuels/Refined,120,.01,1,"@cargo/cargo-hud.png@Manchmal, mit all der Technologie um dich herum, ist ein Zippo (Feuerzeug), was du wirklich willst."
Diesel,Fuels/Refined,130,.01,1,"@cargo/petrochems.png@Auf Planeten, dort wo neue Lieferungen von Brennstoff teuer sind, ist Diesel ein effizienter, aber umweltverschmutzender Brennstoff, der meistens benutzt wird."
Deut-Deut_Fusion_Fuel,Fuels/Refined,470,.01,5,"@cargo/nuclear_pods.png@Raffiniert aus schwerem Wasser, ist fast reines Deuterium billig und eine reichlich vorhandene, aber irgendwie schwer zu lagernde und zu transportierende, Energiequelle."
Baakgah,Fuels/Aera_Refined,70,.01,1,"@cargo/cargo-hud.png@Ein Oelspeicherzellenmaterial, dass Wasserstoff auf eine einfach zu kontrollierende Art und Weise freisetzt."
AntiMatter_Pack,Fuels/Aera_Refined,180,.01,1,"@cargo/cargo-hud.png@Antimaterie wird bei niedriger Temperatur in einem ionischem Gitter gehalten. Energie wird durch die langsame Wechselwirkung der Antimaterie und seiner Umgebung gewonnen."
Biopower_Pack,Fuels/Rlaan_Refined,180,.01,1,"@cargo/cargo-hud.png@Waehrend seine Leistung minimal ist, ist seine Effizienz phenomenal. Lebende Wasserstoff produzierende Oelzellen. Biostrompakete sind eine Schluesselkomponente aller rlaanischen lebensunterstuetzenden Systeme."
Chitty-chitty-boom-boom,Fuels/Rlaan_Refined,40,.01,1,"@cargo/cargo-hud.png@Eine unglaublich grosses, unglaublich komplexes und unglaublich unstabiles HydroKarbon. CCBB wird benutzt in Anwendungen, wo Fusionsreaktoren zu gross, Antimateriezellen zu teuer und Kernspaltrektoren zu unpraktisch sind. Dies zielt darauf ab, seine Benutzung auf Stromgeneratoren und persoenliche Transporteinheiten zu begrenzen."
Compressed_Oxygen-Nitrogen_Atmosphere,Compressed_Gasses,30,.01,1,"@cargo/atmospheric_gases.png@Atembar - und nicht in der Art von der Lost-Angeles trifft Mexico-City Sorte."
Compressed_Methane-Breather_Atmosphere,Compressed_Gasses,30,.01,1,"@cargo/atmospheric_gases.png@Atembar - und nicht in der Art von der Aantlbzztkbzbrr trifft Bzeentkbrraantl Sorte."
Noble_Gases,Compressed_Gasses,65,.01,1,"@cargo/noble_gases.png@Ansonsten bekannt als schwer zu Reaktionen zu bewegende Gase. Normalerweise benutzt zur Veredelung, in medizinischen Anwendungen, in der normalen Industrie, in der nuklearern Energie- und Laserwaffenproduktion und auch in der Forschung."
Halogen_Gases,Compressed_Gasses,80,.01,1,"@cargo/halogen_gases.png@Aetzende  Gase - hervorragend fuer Landebahnlampen!"
Recycled_Electronics,Recycled_Products,190,.01,1,"@cargo/cargo-hud.png@Besonders geschaetzt von den geheimnisvollen Sammlern, aber auch von Geizhaelsen. Der Muell der modernen Zeit hat immer noch einen Wert trotz seines Alters."
Recycled_Metals,Recycled_Products,50,.01,1,"@cargo/cargo-hud.png@Das was geschmolzen werden kann, kann wieder zur Herstellung dienen."
Recycled_Oil,Recycled_Products,60,.01,1,"@cargo/cargo-hud.png@Durch den wunderbaren Gebrauch von Hydrokarbonaten durch intelligente Lebensformen, ist es sinnvoll, sie wiederzuverwerten, wenn es moeglich ist."
Recycled_Plastics,Recycled_Products,38,.01,1,"@cargo/cargo-hud.png@Beinahe alle menschlichen zivilen Produkte bestehen aus Hydrokarbonpolymeren, und waeren da nicht riesige Recyclingprogramme, wuerde die Menschheit in ihrem eigenen Muell ersticken."
Gears,Machinery_Goods,90,.01,1,"@cargo/cargo-hud.png@Hier gibt es nicht eine Sache mit einen zu grossen Drehmoment."
Lubricants,Machinery_Goods,85,.01,1,"@cargo/cargo-hud.png@Viel zur Abnutzung aller mechanischen Systeme beitragend,  kann Reibung nicht ueberwunden werden. Sehr zur Freude aller Benutzer von mechanischen Systemem, sind grosse Fortschritte gemacht worden in der  Milderung der ungewuenschten Reibungseffekte."
Spare_Parts,Machinery_Goods,88,.01,1,"@cargo/cargo-hud.png@Waehrend die normale Zeit des Ausfalls von Einzelteilen in festem Zustand in Jahrzehnten gemessen zu werden scheint, neigt dies nicht die Art und den Grad des Missbrauchs zu erklaeren mit dem Verbraucher ihr Zubehoer anhaeufen wollen."
Aerospace_Ground_Equipment,Supplies/Aerospace_Supplies,193,.01,1,"@cargo/cargo-hud.png@Waehrend nur kleine und mittelgrosse Raumschiffe befaehigt sind auf eimem Planeten zu landen, wird dies ausgenutzt von Raumhaefen durch Frachtpendelschiffe und andere Formen der Frachtlieferung. Diese benoetigen eine komplizierte Menge von Instandhaltungsausruestungen und Reserveausruestungen. Frachtlader muessen die ganze Zeit bereit stehen."
Aerospace_Repair_Equipment,Supplies/Aerospace_Supplies,250,.01,1,"@cargo/cargo-hud.png@Das spezielle Material, dass in der Raumschiffkonstruktion benutzt wird, erfordert eine spezielle Ausruestung zur Reparatur und Wartung. Durch die graesslichen Anhaeufungen von Piratenattacken und anderen Zerstoerungsquellen, haben diese Geraete eine grosse Nachfrage."
Atmospheric_Scrubbers,Supplies/Aerospace_Supplies,270,.01,8,"@cargo/cargo-hud.png@Atmostpherische Saueberer bestehen aus einer Reihe von Abschirmungen, Behaeltern und Filtern um giftigen Unrat aus einer kuenstlichen Atmosphere zu entfernen. Da wenige Raumschiffe eine wirkungsvolle Oekologie haben, benoetigen sie solch kuenstliche Hilfsmittel, um eine ertraeglich atembare Atmosphere bereitzustellen."
Welding_Supplies,Supplies/Aerospace_Supplies,180,.01,1,"@cargo/cargo-hud.png@Dadurch das nur wenige wissen, was ihr wirklicher Zweck ist, scheinen sie immer Regierungsprojekte zu sein in jeder Kolonie und bestehen haupsaechlich daraus, die Infrastruktur zu zerstoeren und grosse Matallplatten ueber die Loecher zu schweissen, bis ein paar Jahre spaeter eine zweite Firma kommt, um zu ersetzen was auch immer abgerissen wurde. Aber da ist auch das ganze Raumschiffproduktionsgeschaeft, man wundert sich, welches der groessere Markt ist."
Self_Contained_Hydroponics,Supplies/Aerospace_Supplies,130,.01,1,"@cargo/cargo-hud.png@Seit den Anfangstagen der Weltraumreisen waren Hydrokulturen nicht mehr nur dazu da, um Gras in deinem Schrank zu zuechten."
Bulk_Seeds,Supplies/Agricultural_Supplies,25,.01,1,"@cargo/cargo-hud.png@Obwohl es fast nur noch Monokulturen gibt, und die Automatisation der landwirtschaftlichen Betriebe fast 100%ig ist, muessen immer noch alle nicht einheimischen Feldfruechte durch die interstellare Schiffahrt besorgt werden, denn den meisten landwirtschaftlichen Kolonien scheinen die genetische Forschungmoeglichkeiten zu fehlen, um ihre eigenen Varianten zu produzieren."
Herbicides,Supplies/Agricultural_Supplies,100,.01,1,"@cargo/cargo-hud.png@Viele Planeten haben Arten von Pflanzen, die Kudzu (aus Japan in die USA eingeschleppte Pflanze, die dort alles ueberwuchert ) wie eine Topfpflanze aussehen lassen.Diese Planeten haben dadurch auch einen Markt, bevoelkert mit Kolonisten, die nach praktischen Entlaubungsmitteln suchen."
Hydroponic_Supplies,Supplies/Agricultural_Supplies,130,.01,1,"@cargo/cargo-hud.png@Pflanzen in fluessigen Loesungen wachsen zu lassen,  ermoeglicht die Flexibilitaet der Platzierung im Gegensatz zur Erdbepflanzung. Besonders brauchbar in Umgebungen, die keine Erde haben."
Pesticides,Supplies/Agricultural_Supplies,110,.01,1,"@cargo/cargo-hud.png@Egal, wo man hingeht, es scheint, dass auf jeder Welt, auf der Leben entstanden ist, wenigstens eine Art entstanden ist, die ausnahmslos laestig ist, was auch immer die Zivilisation versucht zu kolonialisieren. Die uralte Loesung des Problems ist, die genannte Art zu toeten. Anerkanntermassen, so etwas in einer Art zu tun, dass es die Kolonisten nicht verletzt, ist immer noch ein Thema intensiver Forschung. Wie auch immer, jeder Pestizidhersteller wird stolz daraufhinweisen, das eine kleine Anzahl von Babies mit der falschen Anzahl von Beinen sicher ein kleiner Preis ist, der zu zahlen ist, um nicht enstellende Loecher in den Feldfruechten der Welternte zun haben."
Synthetic_Fertilizer,Supplies/Agricultural_Supplies,140,.01,1,"@cargo/cargo-hud.png@Als synthetischer Kunstduenger nicht nur besser wurde, sondern auch billiger und weniger riechend als die natuerlichen, haben nur wenige es bedauert, ihn zu wechseln."
Engineered_Seeds,Supplies/Agricultural_Supplies,25,.01,1,"@cargo/cargo-hud.png@Genetisch verbesserte Feldfruechte, entwickelt, um fruchtbar zu bleiben in einigen besonderen Arten von giftiger Erde, aber auch entwickelt, um die einheimischen Planzen des Planeten essbarer zu machen. Luddity-Terroristen protestieren immer noch gegen den Gebrauch solcher Produkte, die Unmoeglichkeit vieler existierender Bevoelkerungen verachtend, sich auf andere Art und Weise zu ernaehren."
Boring_Droids,Supplies/Mining_Supplies,90,.01,1,"@cargo/boring_droids.png@Die Herstellung von Bergbauschaechten war noch nie so einfach. Lass nur ein paar von den Robotern wissen, wo du die Tunnel haben willst und komme ein paar Tage spaeter wieder, um grosse Mengen Abraum zu finden und einen herrlich polierten Durchgang."
Laser_Drills,Supplies/Mining_Supplies,95,.01,1,"@cargo/cargo-hud.png@Ausser der Natur der genauen Schnitte, die von diesen Bohrern erzeugt werden und ihren Nutzen steigern, ist es auch eine Tatsache, dass Laser nie unscharf oder stumpf auf dichtem und hartem Material werden. Dies ist der Grund, warum der Laserbohrer alle Konkurenten ersetzt hat."
Light_Alls,Supplies/Mining_Supplies,88,.01,1,"@cargo/cargo-hud.png@Es gibt nur wenig erschreckendere Dinge fuer einen Asteroidenbergmann als die klassische Szene aus dem Hologrammfilm 'Der dunkle Stein', wo in einer Gruppe von Bergleuten ein leichter Standardroboter einen Stromausfall hat, und sie von scheusslichen Aliens angegriffen werden, die durch den Bergbau geweckt wurden. Obwohl bis jetzt keine gefraessigen Aliens auf Asteroidenminen gefunden wurden, war Realitaet nie eine besondere Schluesselkomponente der Marktstrategie."
Utility_Vehicles,Supplies/Construction_Supplies,90,.01,1,"@cargo/cargo-hud.png@Die Moeglichkeit grosse Massen zu heben und dann geschickt in allen 3 Dimensionen zu manipulieren ist grundlegend fuer ihre Konstruktion und die fehlende Kraft von allen bekannten empfindungsfaehigen Wesen. Diese Maschinen beseitigen die Fehler der Evolution."
PreFab_Buildings,Supplies/Construction_Supplies,44,.01,1,"@cargo/cargo-hud.png@Ausser man ist unwahrscheinlich reich, lebt man in einem Gebaeude, das aus modularen Komponenten, wie diesen gebaut wurde."
Landscaping_Equipment,Supplies/Construction_Supplies,1662,.01,55,"@cargo/cargo-hud.png@Falls ein Huegel deine Aussicht blockiert, oder wenn du die Rundumsicht deines Gartes nach der neuesten Mode wiederherstellen willst, oder wenn du nur diese haessliche nukleare Muellhalde bedecken willst."
BioApplicator,Supplies/Rlaan_Construction_Supplies,90,.01,1,"@cargo/cargo-hud.png@Im wesentlichen eine Spruehdose voller genetisch konstruierter Bakterien mit einem Ventil und einer Spruehduese, wird dieses Geraet benutzt, um die komplexen Proteine zu erstellen und  aufzutragen, die die  Rlaaner als Hauptkonstruktionsmaterial benutzen. Wenn der Schleim aus der Duese herrausgesprueht wird, reagiert er mit der Methanatmosphere, die es auf fast allen rlaanischen Welten gibt. Die Proteine, die durch die Bakterien produziert werden, erstarren in der gewuenschten festen Form."
BioRemodeler,Supplies/Rlaan_Construction_Supplies,96,.01,1,"@cargo/cargo-hud.png@Dieses Geraet verwendet eine Zusammensetzung aus Enzymen, die die organischen Stoffe ausreichend verfluessigen, die in rlaanischen Konstruktionen benutzt werden, so dass sie veraendert werden koennen.."
First_Aid_Kits,Supplies/Confed_Medical_Supplies,480,.01,1,"@cargo/cargo-hud.png@Obwohl die Inhalte zahllose Male veraendert wurden, kann diese Ausruestung in jedem oeffentlichen Transportmittel gefunden werden und in jeder Reisetasche einer zu besorgten Mutter."
Aera_First_Aid_Kit,Supplies/Aera_Medical_Supplies,90,.01,1,"@cargo/cargo-hud.png@Obwohl sie so etwas aehnliches wie chemisches Makeup sind, beinhalteten die aeranischen Erste-Hilfe-Ausruestungen viele Gegenstaende, die aehnlich oder gleich sind zu solchen, die in menschlichen Erste-Hilfe-Ausruestungen gefunden werden. Eine bemerkenswerte Ausnahme, wie auch immer, ist die Standardausfuehrung einer Selbstmordpille in allen aeranischen Ausruestungen, markiert mit einer Etikette, deren Uebersetzung 'Fuer den Gebrauch in Verbindung mit einem eventuell unheilbarem Trauma.' ist."
Pseudotherms,Supplies/Aera_Medical_Supplies,90,.01,1,"@cargo/cargo-hud.png@Die Aeraner kommen urspruenglich aus einer warmen Welt und haben eine verminderte Funktionalitaet, falls sie unvorbereitet einer kalten Umgebung ausgesetzt werden. Diese Spezialanzuege sind ausgestattet mit abschirmenden Isotopen und Spektralkonvertern, die einen Aeraner zurueck bis zur Koerpertemperatur garantiert in wenigen Minuten aufzuwaermen."
DNA_Resequencer,Supplies/Rlaan_Medical_Supplies,90,.01,1,"@cargo/cargo-hud.png@Dieses tragbare Geraet kann jegliche DNA-Proben nehmen und sie umformen in die fuer die Rlaaner mehr vertrauten Analogien, so dass sie bequemer analysiert werden koennen."
Rlaan_Cellular_Regrowth_Accelerant,Supplies/Rlaan_Medical_Supplies,90,.01,1,"@cargo/cargo-hud.png@Eine Gel-Packung aus einer komplexen organischen Loesung, die wenn sie auf der Verletzung angewendet wird, die Rate des Heilungsprozesses eines Rlaaners hervorragend vergroessert."
Cryogenic_Supplies,Supplies/Medical_Supplies,505,.01,1,"@cargo/cryogenic_pods.png@In den letzten tausend Jahren haben Menschen sich  selbsteingefroren (oder ihre Koepfe) in der Hoffnung, dass sie eines Tages wiederbelebt werden. Waehrend die Wettbueros in New Vegas die Ueberlebenschancen als Halbe-Halbe ansehen, sind die Chancen zu nah beieinander.Es ist klar, dass unsere Moeglichkeiten Sachen einzufrieren viel schneller und weiter fortgeschritten sind als unsere Moeglichkeiten sie wieder aufzutauen."
Regen_Tank,Supplies/Medical_Supplies,742,.01,5,"@cargo/regen_tank.png@Mit den Fortschritten in der zellularen Forschung, sind die Mediziner in der Lage verlorenes oder zerstoertes zellulares Material wiederherstellen. Sie haben jedoch nicht, wie auch immer, herrausbekommen das wiederherzustellende Koerperteil daran zu hindern, die ganze Zeit zu jucken, waehrend es wiederwaechst..."
Syringes,Supplies/Medical_Supplies,480,.01,1,"@cargo/vaccines.png@Obwohl nicht laenger notwendig fuer die meisten rationalen Anwendungen, scheinen immer noch bestimmte Elemente in der Gemeinde der Mediziner ein perverses Vergnuegen dadurch zu empfinden, grosse Hohlnadeln in ihre Mitmenschen zu rammen."
Vaccines,Supplies/Medical_Supplies,25,.01,1,"@cargo/vaccines.png@Durch den interstellaren Handel und Krieg, das Infektionsrisiko von gefaehrlichen Krankheiten und biologischen Waffen, benoetigt man Impfstoffe gegen jede vorstellbare Bedrohung."
Altered_Strains,Research/Aera_Medical,300,.01,1,"@cargo/cargo-hud.png@Waehrend die Rlaaner die Meister der genetischen Manipulation sind, sind die Aeraner enschiedene Amateure und hinter den meisten Menschen in diesem Bereich der Forschung. Im wesentlichen haben sie erst kuerzlich angefangen, den Gen-Pool ihrer eigenen Rasse kuenstlich zu erweitern."
Implant_tolerance_enhancements,Research/Aera_Medical,300,.01,1,"@cargo/cargo-hud.png@Durch die Neigung koerperlich mehr vergiftet zu werden als andere dominante Rassen, leiden die Aeraner unter einer hohen Abstossrate der mechanischen Implantate durch ihr uebereifriges Immunsystem."
Bio_Adapters,Research/Rlaan_Medical,200,.01,1,"@cargo/cargo-hud.png@Die Rlaaner sind geschickter als jede andere Rasse in der Produktion von veraenderten Organismen, aber sie arbeiten immer noch an der Perfektionierung organ-mechanischen Verbindungseinheiten. Man neigt zu glauben, dass der Erfolg bei ersten Sache sie bei der Entwicklung zweiten Sache behindert hat ."
Bio_Splicers,Research/Rlaan_Medical,300,.01,1,"@cargo/cargo-hud.png@Handgehaltenes retro-virales Ausbruetungs- und Einfuegungsgeraet. Die Testphase ist immer noch im Betastadium - namentlich, nicht mit Rlaanern"
Surgical_Techniques,Research/Medical,55,.01,.01,"@cargo/surgical_techniques.png@Die medizinische Elite aller Rassen sollte die Entwicklung jeder Technik schaetzen, die mehr von Chirurgen als von Rechtanwaelten diskutiert wird."
Engineered_Bacteria,Research/Medical,560,.01,.02,"@cargo/engineered_bacteria.png@Konstruierte Bakterien werden seit ueber einem Jahrtausend benutzt - aber die Anwendungsmoeglichkeiten werden jedes Jahr groesser."
Synthetic_Limbs,Research/Medical,200,.01,1,"@cargo/cargo-hud.png@Voll funktionierende synthetische Koerperglieder sind ein alter Hut. Billige voll funktionierende synthetische Koerperglieder, die viel besser als die Originale sind und nicht von ihren natuerlichen organischen Gegenstuecken zu unterscheiden sind, sind viel interessanter."
Experimental_Drugs,Research/Medical,1055,.01,.05,"@cargo/experimental_drugs.png@Wenn ein Zwerglimeblutegel deine Leber isst, kuemmerst du dich nicht darum, ob oder an wem die Medikamente getestet wurden."
Nano_Constructors,Research/Industrial,250,.01,1,"@cargo/cargo-hud.png@Obwohl diese Geraete selbst durch die Nano-Plage, nur noch im  Makro-Massstab gebaut werden, sind sie in der Lage fast alles mit atomarer Praezision zu konstruieren."
Self_Repairing_Metal,Research/Industrial,220,.01,1,"@cargo/cargo-hud.png@Durch eingebettete Sensornetze und elektrische Liefersysteme, koennen Metallfolien produziert werden, die durch sich selbst mit perfekt platzierten Hitzeschueben und aussergewoehnlicher Genauigkeit jeden Riss oder Deformation kompensieren koennen."
Automated_Factories,Research/Industrial,2700,.01,1500,"@cargo/cargo-hud.png@Egal wie teuer AI-Einheiten auch immer sind, so scheint eine Reihe von orbitalen Fabriken noch viel teurer zu sein. Der Trick, um das wesentliche von vielen gewollten Vorschlaegen herrauszubekommen, ist wie man einen AI-Roboter ueberzeugt, so etwa langweiliges zu tun, wie eine Holovideofabrik zu bedienen..."
Atmospheric_Rejuvinator,Research/Environmental,400,.01,1,"@cargo/cargo-hud.png@Ob es wegen der Ueberindustrialisierung oder wegen der natuerlicher Widerwertigkeit ist, falls eine planetarische Atmosphere jemandem nicht gefaellt, das Einetzen von ein paar millionen dieser Geraete kann Wunder bewirken (oder ein paar duzend in einer Kuppel)."
Ozone_Healer,Research/Environmental,330,.01,1,"@cargo/ozone_replacement.png@Viele elektronische Geraete produzieren natuerliches  Ozon. Wie auch immer, scheinen die meisten dieser Geraete auf dem Erdboden zu stehen, sie tragen nicht zum Wachstum der Ozonschicht in groesseren Hoehen bei. Eine kuerzlich gefundene Loesung: Verschiebung vieler elektronischer Geraete auf fliegende hochleistungsfaehige Plattformen in der Ozonschicht."
Forest_Regenerator,Research/Environmental,520,.01,1,"@cargo/forest_generators.png@Obwohl viele zivilisierte Rassen, mit der bemerkenswerten Ausnahme der Aeraner, es lieben wuerden, ihre alten Waelder wieder aufgeforstet zu sehen, sind fast alle nicht geneigt, die noetige Arbeit zu investieren fuer dieses Ziel. Dadurch wurden einige Anstrengungen gemacht in die Produktion selbststaendiger Waldpflanzeinheiten, die die Wiederaufforstung eines Oekosystem beaufsichtigen ohne das sich jemand seine genmanipulierten Haende schmutzig machen muss."
(Xeno)forming_Units,Research/Environmental,8342,.01,1600,"@cargo/terraforming_units.png@Fuer Menschen, Terraformer, fuer jede andere Rasse, so was aehnliches - fuer den Zielplaneten unter ihnen wirklich eine Alientransformation. Atmospherische Weiterverarbeitung, Entwicklung von funktionsfaehigen Biospheren, und Erzeugung trinkbarer Fluessigkeiten beinhaltend, sind Xenoformeinheiten automatisierte Montroesitaeten, die auf lebensfeindlichen Planetenoberflaechen gelandet werden koennen. Mit genuegend Zeit kann jede luftlose Wueste mit ausreichender Groesse in einen Golfplatz und ein Einkaufszentrum verwandelt werden."
Quantum_Deductor,Research/Electronics,420,.01,1,"@cargo/quantum_deductor.png@Der so nette Name fuer eine Sorte von Geraeten, die benutzt werden um Quantumkryptosysteme anzugreifen."
Virtual_Tunneling_Terminal,Research/Electronics,240,.01,1,"@cargo/cargo-hud.png@Ein Geraet, das benutzt wird um das innere von Makro-Massstabobjekten durch Tunneleffekte zu sehen und zu durchqueren."
Quantum_Computers,Electronics,75,.01,1,"@cargo/quantum_processor.png@Durch die Eigenschaft des massiven Parallelismus und der 'minute feature size' (lithographische Kenngroesse in Nanometern zur Chipherstellung ), kann dieser Computer mehr nutzlose Fakten ueber seinen Benutzter in einer Sekunde analysieren als die meisten Benutzer in ihrer Lebenszeit wissen wollen."
Consoles,Electronics,45,.01,1,"@cargo/cargo-hud.png@Unter den vielen Interfaces zwischen intelligenten Lebewesen und Maschinen, gehoeren rassespezifische Varianten der Nazduckonsole, die auf verschiedenen Welden der Unadorned hergestellt werden, zu den beliebtesten."
Microprocessors,Electronics,50,.01,1,"@cargo/cargo-hud.png@Ein wesentliches Bestandteil eines jeden Konsumprodukts seit den Anfangstagen der allgegenwaertigen Computer. Fuer Mikroprozessoren, obwohl einzeln beinahe wertlos, ist die  Nachfrage als Massenprodukt aussergewoehnlich."
Protocol_Droids,Electronics/Robotics,270,.01,1,"@cargo/cargo-hud.png@Geuebt in den Feinheiten der interstellaren Beziehungen, sind diese Machinen ein wertvolles Zubehoer fuer Diplomaten und weitreisende Kaufleute - vorausgesetzt, man bekommt heraus, wie man diesen verdammten Dingern beibringt, den Mund zu halten, wenn sie nicht gebraucht werden."
Robotic_Laborers,Electronics/Robotics,290,.01,1,"@cargo/robot_workers.png@Unermuedliche Arbeiter, die fast alles zu tun versuchen, was du ihnen als ihre Aufgabe mitteilen kannst. Ungluecklicherweise, um die Kosten niedrig zu halten, ist ihre Moeglichkeit genau zu verstehen, was es ist, was du versucht ihnen zu sagen, begrenzt. Achtung: Gewisse Missverstaendnisse mit speziell diesem Modell sind bemerkt worden in Verbindung mit der Aufforderung 'Leih mir deine Hand'. Bitte vermeiden Sie es, diesen Befehl zu benutzen."
Enhanced_Limbs,Electronics/Bionics,200,.01,.1,"@cargo/enhanced_limbs.png@Wenn die Koerperglieder eines fuehlenden Wesens ihre Arbeit nicht mehr tun, koennen Fasererweiterungen, kuenstliche Nerven und Knochenverstaerkungen die Funktionalitaet vergroessern, die in verschiedenen Groessen bestellt werden koennen."
Enhanced_Organs,Electronics/Bionics,300,.01,.1,"@cargo/enhanced_organs.png@Manchmal kann Genmanipulation allein nicht die gewuenschten Vorteile verschaffen."
Artificial_Limbs,Electronics/Bionics,250,.01,.1,"@cargo/artificial_limbs.png@Wir haben die Technologie - wir koennen sie nachbauen."
Cyborg_Construction_Workers,Electronics/Bionics,270,.01,1,"@cargo/cargo-hud.png@In den meisten Kulturen wird ihnen eine Reihe von rechten gewaehrt, die fast nicht von denen eines normalen Lebewesens zu unterschieden sind. Durch ihren massigen Koerperbau, weniger aus aesthetischen Gruenden, gibt es fuer die meisten Konstruktionscyborgs Transportbeschraenkungen, sie sind willkommen um im Frachtraum zu reisen."
Cyborg_Defenders,Electronics/Bionics,270,.01,1,"@cargo/cyborg_mercs.png@Das moderne Gegenstueck des privaten Sicherheitsmannes aus frueheren Zeiten. Diese Cyborgs neigen dazu etwas teurer zu sein und es ist nicht so angenehm, neben ihnen zu stehen. Darum fahren sie stattdessen im Frachtraum mit..."
Pleasure_Borgs,Electronics/Bionics,530,.01,2,"@cargo/pleasure_borgs.png@Pleasurecyborgs, unterscheiden sich von Pleasurerobotern dadurch, dass sie echte Haut haben und Systeme, die genannte Haut am Leben zu erhalten. Sie haben keine menschlichen Gefuehle, so dass sie legal gekauft und verkauft werden koennen. Das muss noch gesagt werden, sie moegen es nicht, jedesmal wenn die Grossmutter zu Besuch kommt, im Schrank versteckt zu werden."
PAI_Wetware,Electronics/Bionics,125,.01,.5,"@cargo/cargo-hud.png@Pseudokuenstliche Intelligenz. PAIs sind 'Wet-Ware' eingebettet in Hardware - genetisch konstruierte 'Koepfe in Kaesten', die die Aufgabe des Denkes zwischen den organischen und inorganischen Komponenten verteilen. Kommerzielle PAIs sind beinah allgemein entworfen als idiotensicheres System, faehig zu begrenzter Eigenmotivation und Eigeninitiative, einfach zu manipulieren, aber befaehigt mit einer ausserordentlichen Kraft fuer Problemloesungen, fuer die sie trainiert wurden, sie in Angriff zu nehmen. PAIs neigen dazu, in der Lage zu sein, mehr natuerliche Benutzerinterfaces bereitzustellen als die Expertensysteme, mit denen sie konkurrieren, neigen dazu, zumindest ein vages Selbstbewusstsein zu haben und sind viel ansprechbarer auch auf  emotionalen Leveln. Im wesentlichen sind nischenmarkt- und kundenspezifisch gebaute Modelle nur beschraenkt durch die Gesetzgebung, welche diese Einheiten, die eine bestimmte Menge von standartisierten Normen uebertreffen nicht als Eigentum betrachtet, also muessen sie als gewoehnliche Kinder oder als gewoehnliche abhaengige Angestellte registriert werden. Obwohl der Unterschied zwischen Low- und Highendmodellen klar ist, die Standards beiseite genaommen, werden die meisten zustimmen, dass die Linie zwischen einem Highend-PAI und einem konstruiertem menschlichem Cyborg aussergewoehnlich verschwommen ist."
Neural_Interface,Electronics/Bionics,205,.01,.01,"@cargo/cargo-hud.png@Der wahre Puls einer Andolianerin ist nicht das ruhige Schlagen ihres Herzens, sondern der tobende Datenstrom ihres Geistes."
Jewelry,Manufactured_Goods,1200,.01,.01,"@cargo/jewelry.png@Alles voellig nutzlos, ausser als Kunst oder in Rendez-Vous Simulationen. Aber es wird immer eine Nachfrage fuer tragbare dekadente Gegenstaende geben, die immense Ausgaben zur Folge haben."
Carpets,Manufactured_Goods,55,.01,1,"@cargo/cargo-hud.png@Teppiche und deren mehr oder weniger Staub liebende Varianten, haben ihren Weg erstrangig in den Weltraum gemacht, weil es sehr kalt ist auf grossen Metallplatten zu laufen."
Furniture,Manufactured_Goods,140,.01,1,"@cargo/cargo-hud.png@Egal, wie ihre Form oder Gestalt ist, brauchen alle Wesen mit einem Koerper etwas um ihren Kram irgendwo zu lassen."
Home_Appliances,Manufactured_Goods,100,.01,1,"@cargo/cargo-hud.png@Von der esoterischen Schwebe-Masseuse bis hin zu den allgegenwaertigen InstaNukern, sind dies die Favoriten des ewigen Kunsums."
Hygiene_Supplies,Manufactured_Goods,110,.01,1,"@cargo/personal_hygienics.png@Trotz der Tatsache, dass die Rassen fortschrittlicher und empfindungsfaehiger wurden, konnten sie nicht die Notwendigkeit abschaffen, sich ab und zu gut waschen zu muesssen. Cremes und Balsame versprechen die letzten Fortschritte der Nanomasstabchemie, Falten zu beseitigen und eine bessere Hautfarbe erzeugen. Anti-Esther suchen und zerstoeren unangenehme Duftstoffpartikel, andere koerperspezifische Mittel beugen peinlichen Schleimexkreten vor."
Janitorial_Supplies,Manufactured_Goods,105,.01,1,"@cargo/cargo-hud.png@Waehrend die meisten entwickelten Welten davon abgegangen sind lebende Hausmeister anzustellen, hat sich der Bedarf an chemischen Reinigungsmittels und deren Bedeutung, sie anzuwenden nicht geaendert."
Textiles,Manufactured_Goods,53,.01,1,"@cargo/cargo-hud.png@Egal wie weit die Technologie fortgeschritten ist, wird es immer solche geben, die sich die Freiheit wuenschen ihre eigene Kleidung herzustellen."
Clothing,Manufactured_Goods,60,.01,1,"@cargo/clothing.png@Trotz der bekehrenden Bemuehungen der Anhaenger der Trekie-Religion, setzte sich der Unitard niemals durch. Kleidung in jeder Art und Weise der Machart und Herstellung kann in fast allen Regionen des bewohnten Weltraums gefunden werden."
Robot_Servants,Manufactured_Goods,442,.01,2,"@cargo/robot_servants.png@Sie haben die Faehigkeiten eines Dieners, mit einem einfachen Geist und einer transportablen Datenspeichereinheit. Diese Maschinen sind ein wertvolles Zubehoer fuer diejenigen, die zu arm sind oder ethische Bedenken haben, menschliche Bedienstete einzustellen."
Personal_Transport,Manufactured_Goods,1896,.01,42,"@cargo/personal_transport.png@Trotz der groessten Anstrengungen der Regierungen, die Menschen zu ermutigen oeffentliche Verkehrsmittel zu benutzen, nehmen sie lieber private."
IntaTouch,Entertainment/Aera,50,.01,1,"@cargo/cargo-hud.png@Ein fuehlbarer Simulator, der einem Aeraner entspannende Empfindungen liefert."
VirtuArea,Entertainment/Aera,50,.01,1,"@cargo/cargo-hud.png@Ein Wandvorhang, auf den die Illusion des offenen Weltraums projeziert wird."
Books,Entertainment,50,.01,1,"@cargo/cargo-hud.png@Obwohl die Art und Weise der Mitteilungen zahllose Neuerungen ueber ungezaehlte Jahrtausende erlebt hat, gibt es wenig Sachen, die dem Vergleich mit einer gut erzaehlten Geschichte standhalten."
Games,Entertainment,52,.01,1,"@cargo/games.png@Durch die fast endlosen Moeglichkeiten der Bereitstellung fuer Spiele und deren maximiertem Unterhaltungswert, sind interaktive Computerspiele ein Markt fuer hartarbeitende Menschen und geldlose Trauemer. Trotz des Fehlens ihrer finanziellen Resourcen, bringen sie es immer wieder fertig hochqualitative Produkte herzustellen und grosse Fangemeinden zu gewinnen. Diese Fangemeinden koennten theoretisch Unterstuetung fuer die Armen und herruntergekommene Programierer liefern und die Anbieter bezahlen, aber merkwuerdigerweise scheinen sie das nie zu tun."
Holo_Vids,Entertainment,57,.01,1,"@cargo/holovids.png@Geistlose Unterhaltung fuer die Massen. Besonders beliebt unter denen mit keinem bemerkenswertem sozialem Leben. Der Verkaufsschlager dieses Jahres an der Confederation Grenze: 'Wer hat den groessten ...?: Intergalaktische Fantasien XXIV'. Und, wie immer, der Top-Seller in den von den High Born besetzten Gebieten: 'Geburt einer NationII.'"
Rare_Artwork,Entertainment,105,.01,1,"@cargo/rare_artwork.png@Wundervolle Handarbeiten mit fast vergessenen Techniken und wunderbare Kopien der ausnahmsweise gut bekannten Werke. 'Hunde spielen Poker', 'Rlaaner spielen es mit Vertrauen', und Replikate aus der Mitte des 21. Jahrhunderts. Bei irdischen Plastiken gehoeren Essensaufbewahrungseinheiten (Kuehlschraenke ) zu den beliebtesten Gegenstaenden dieser Art."
Erotica,Entertainment,650,.01,3,"@cargo/erotica.png@Wenn du fragen musst, was es ist, zeigt dies letztendlich nur, dass du zu jung bist um es dir zu erzaehlen."
Resistant_biologics,Contraband/Medical,90,.01,1,"@cargo/resistant_biologics.png@Obwohl es einen potentiell legitimen Gebrauch fuer die Forschung gibt, werden diese Krankheistserreger als zu gefaehrlich erachtet um sie zu transportieren, und dass nur weil jemand, der sie benutzen will, sie stehlen koennte."
Illegal_Weapons,Contraband,300,.01,1,"@cargo/hp_weapons.png@obwohl es bizarr zu klingen scheint, durch die lockere Art und Weise der Regierungsgesetze, mit welcher Bewaffnung zivile Schiffe ausgeruestet werden koennen,ist es verboten bestimmte Waffen, so wie thermonukleare Moerser, Jagdkillerdronen und anchadaenische Ringkampfwuermer durch die Zivilisationsgebiete eines jeden bekannten Staates zu transportieren, der diesen Titel verdient. Dies hindert Gruppierungen und Einzellebewesen nicht in ihrem Verlangen solche Geraete zu erwerben."
Pilot,Contraband,760,.01,1,"@cargo/cargo-hud.png@Viele von Euch werden den Piloten des Schiffes hassen, der versucht euer Schiff zu zerstoeren, aber die Vernichtung des Feindschiffes gestattet niemandem nach den interstellaren Gesetzen das Recht den genannten Piloten in die Sklaverei zu verkaufen. Trotz des Gesagtem, rechtfertigen viele eine solche Handlung als Inanspruchnahme einer voellig angemessenen Form der Belohnung. [Note to editors: Do not change name as the code relies on Pilot]"
Slaves,Contraband,750,.01,1,"@cargo/cargo-hud.png@Verboten durch die Aengste, eine Rasse koennte die Vorherrschaft uebernehmen. Unter einer Menge von anderen Gruenden, zeichnet sich oekoinomische Unwirtschaftlichkeit am meisten ab."
Clones,Contraband,720,.01,1,"@cargo/cargo-hud.png@Es ist verboten, Klone als Massenfracht zu transportieren. Jeder Klon muss eine individuelle Reise mit Kabinentarif auf einem zivilem Transporter mit Personenbefoerderungslizenz buchen. Ausnahmen koennen fuer Klone, die noch Embryonen sind, bewilligt werden."
ISO_Propaganda,Contraband/Confed,100,.01,1,"@cargo/cargo-hud.png@Ein guter Teil von ihr ist wahr, einen guten Teil der Zeit, aber alles von ihr ist die ganze Zeit verboten."
ISO_Party_Member,Contraband/Confed,800,.01,1,"@cargo/iso_member.png@Jeder, der im Gebiet der Confederation oeffentlich seine Mitgliedschaft in der  ISO zugibt, hat entweder grossen Mut oder leidet unter grosser Dummheit. Das gleiche, wie auch immer, muss ueber diejenigen gesagt werden, die sich bereit erklaeren, solche Personen durch besagte Gebiete zu transportieren."
Socialist_Worker_Journal,Contraband/Confed,35,.01,1,"@cargo/swj.png@Das Sozialistische Arbeiter Journal ist ein 14-taegliche elektronische Veoeffentlichung, von der man annimmt, das es urspruenglich auf Berkeley im Trotsky System publiziert wird. Das SWJ hebt die Bedeutung des fortschreitenden Sozialismus hervor und beinhaltet auch Kunst und Musik, die von Arbeitern fuer Arbeiter produziert wurde. Dieses Produkt wird offiziell erachtet als 'unbrauchbar, selbst fuer die Aufgabe sich den Hintern abzuwischen.'"
Luddite_Religious_Tracts,Contraband/Confed,100,.01,1,"@cargo/luddite_tracts.png@ISO Propaganda bei sich zu tragen, bringt einen ins Gefaengnis. Luddite Propaganda bei sich zu haben, ausserhalb der Regionen der mehr mitfuehlenden Puristen, gleicht dem, einen Genickschuss zu bekommen."
Escaped_Political_Prisoners,Contraband/Confed,920,.01,1,"@cargo/political_prisoners.png@Sind Sie jetzt, oder waren Sie jemals ein Mitglied der ISO?"
Overeager_Immigrants,Contraband/Confed,160,.01,1,"@cargo/cargo-hud.png@Durch das Inkrafttreten der sogenannten 'Genug ist genug' Gesetzgebung der Confederation, ist es illegal Individuen zu transportieren, deren angegebene Absicht es ist, sich auf einem Planeten niederzulassen, von dem behauptet wird, schon seine maximal gewuenschte Bevoelkerungsdichte erreicht zu haben. Dadurch, dass viele dieses Gesetzgebungspaket in Verruf gebracht haben als beides, idiotisch und undurchfuehrbar, haben sich Verhandlungen ueber dieses Gestz ueber Jahre hingezogen. Die Stimmen der Koalition aus Puristen,den High Borns,den Shapern und verschiedenen kleineren Fraktionen ueberwogen am Ende die Stimmen der Opposition der Andolians und der Merchants. Die Unadorned beteiligten sich nicht an der Diskussion."
ICBINF,Contraband/Rlaan,80,.01,1,"@cargo/cargo-hud.png@Original entwickelt als ein billiges, erneuerbares und umweltfreundliches Kuehlmittel, aber es wurde herrausgefunden, dass es bei den Rlaanern ausnahmslos Krebs im Endstadium verursacht."
Zhollus,Contraband/Rlaan,80,.01,1,"@cargo/cargo-hud.png@Eine pflanzenaehnliche Lebensform, die ausnahmsweise schmackhaft fuer die Rlaaner ist, aber ist sie ausnahmslos verheerend fuer ein fuer die Rlaaner freundliches Oekosystem."
RetrifiedSalt,Contraband/Aera,80,.01,1,"@cargo/cargo-hud.png@Die Ueberreste einer salzigen Verbrennung. Verboten im Raum der Aeraner durch die Kombination aus einer kulturellen Verachtung fuer einige und dem Widerwillen ein altes Gesetz aus den Buechern zu streichen."
AeraNerveStimuli,Contraband/Aera,80,.01,1,"@cargo/cargo-hud.png@Haben sie je einen aeranischen Krampfanfall gesehen, der in etwa aussieht wie einenMischung aus einem epileptischen Anfall und einem Orgasmus? Gib ihm etwas von diesem Zeug und lehn dich zurueck. Weit zurueck. Am besten hinter eine Absperrrung, weil wenn der genannte Aeraner anfaengt wegen der durch die Einnahme eingeleiteten Anfaelle wie ein Berserker zu toben, koenntest du  ueberleben, um diese Geschichte zu erzaehlen."
